Workbook

Sheet 컬럼_old
A1: 사업범위 여부 | B1: 주제영역 | C1: schema | D1: 테이블 영문명 | E1: 컬럼 영문명 | F1: 컬럼 한글명 | G1: 컬럼 설명 | H1: 연관 엔터티명 | J1: 자료 타입 | K1: 자료 길이 | L1: 자료소수점길이 | M1: 자료 형식 | N1: NOT NULL 여부 | O1: PK정보 | P1: FK정보 | Q1: 인덱스명 | R1: 인덱스 순번 | S1: AK정보 | T1: 제약조건 | U1: 개인정보여부 | V1: 암호화 여부 | W1: 공개/비공개여부
A2: N | B2: 통계 | C2: bksp | D2: TBL_VSTR_STTUS_INFO | E2: VSTR_CNT_STTUS_YM | F2: 방문자_수_현황_연월 | G2: 방문자_수_현황_연월 | H2: 방문자_현황_정보 | I2: =VLOOKUP(F2,표준용어사전!$B:$D,3,FALSE) -> 연월C6 | J2: CHAR | K2: 6 | L2: - | M2: 6자리 문자 | N2: Y | O2: PK01 | T2: YYYY : 0001~9999, MM : 01~12 | U2: N | V2: N
A3: N | B3: 통계 | C3: bksp | D3: TBL_VSTR_STTUS_INFO | E3: VSTR_LGT_CNT | F3: 방문자_로그아웃_수 | G3: 방문자_로그아웃_수 | H3: 방문자_현황_정보 | I3: =VLOOKUP(F3,표준용어사전!$B:$D,3,FALSE) -> 수N10 | J3: NUMERIC | K3: 10 | L3: - | M3: 9999999999 | N3: N | U3: N | V3: N
A4: N | B4: 통계 | C4: bksp | D4: TBL_VSTR_STTUS_INFO | E4: VSTR_LGN_CNT | F4: 방문자_로그인_수 | G4: 방문자_로그인_수 | H4: 방문자_현황_정보 | I4: =VLOOKUP(F4,표준용어사전!$B:$D,3,FALSE) -> 수N10 | J4: NUMERIC | K4: 10 | L4: - | M4: 9999999999 | N4: N | U4: N | V4: N
A5: N | B5: 통계 | C5: bksp | D5: TBL_VSTR_STTUS_INFO | E5: VSTR_EXPERT_CNT | F5: 방문자_전문가_수 | G5: 방문자_전문가_수 | H5: 방문자_현황_정보 | I5: =VLOOKUP(F5,표준용어사전!$B:$D,3,FALSE) -> 수N10 | J5: NUMERIC | K5: 10 | L5: - | M5: 9999999999 | N5: N | U5: N | V5: N
A6: N | B6: 통계 | C6: bksp | D6: TBL_VSTR_STTUS_INFO | E6: VSTR_LGT_STAY_HR | F6: 방문자_로그아웃_체류_시간 | G6: 방문자_로그아웃_체류_시간 | H6: 방문자_현황_정보 | I6: =VLOOKUP(F6,표준용어사전!$B:$D,3,FALSE) -> 시분초N10 | J6: NUMERIC | K6: 10 | L6: - | M6: 9999999999 | N6: N | U6: N | V6: N
A7: N | B7: 통계 | C7: bksp | D7: TBL_VSTR_STTUS_INFO | E7: VSTR_LGN_STAY_HR | F7: 방문자_로그인_체류_시간 | G7: 방문자_로그인_체류_시간 | H7: 방문자_현황_정보 | I7: =VLOOKUP(F7,표준용어사전!$B:$D,3,FALSE) -> 시분초N10 | J7: NUMERIC | K7: 10 | L7: - | M7: 9999999999 | N7: N | U7: N | V7: N
A8: N | B8: 통계 | C8: bksp | D8: TBL_VSTR_STTUS_INFO | E8: VSTR_EXPERT_STAY_HR | F8: 방문자_전문가_체류_시간 | G8: 방문자_전문가_체류_시간 | H8: 방문자_현황_정보 | I8: =VLOOKUP(F8,표준용어사전!$B:$D,3,FALSE) -> 시분초N10 | J8: NUMERIC | K8: 10 | L8: - | M8: 9999999999 | N8: N | U8: N | V8: N
A9: Y | B9: 통계 | C9: bksp | D9: TBL_VSTR_STTUS_INFO | E9: CLSF_SYSTM_STAY_HR | F9: 분류_체계_체류_시간 | G9: 분류_체계_체류_시간 | H9: 방문자_현황_정보 | I9: =VLOOKUP(F9,표준용어사전!$B:$D,3,FALSE) -> 시분초N10 | J9: NUMERIC | K9: 10 | L9: - | M9: 9999999999 | N9: N | U9: N | V9: N
A10: N | B10: 생태모방사례 | C10: bksp | D10: TBL_SKLL_TCHNLGY_CNTNTS_MAPNG | E10: CNTNTS_NO | F10: 컨텐츠_번호 | G10: 컨텐츠_번호 | H10: 기능_기술_컨텐츠_매핑 | I10: =VLOOKUP(F10,표준용어사전!$B:$D,3,FALSE) -> #N/A | J10: NUMERIC | K10: 10 | L10: - | M10: 9999999999 | N10: Y | O10: PK01 | U10: N | V10: N
A11: N | B11: 생태모방사례 | C11: bksp | D11: TBL_SKLL_TCHNLGY_CNTNTS_MAPNG | E11: TCHNLGY_CD | F11: 기술_코드 | G11: 기술_코드 | H11: 기능_기술_컨텐츠_매핑 | I11: =VLOOKUP(F11,표준용어사전!$B:$D,3,FALSE) -> 코드V50 | J11: CHAR | K11: 50 | L11: - | M11: 50자리 문자 | N11: Y | O11: PK02 | U11: N | V11: N
A12: N | B12: 생태모방사례 | C12: bksp | D12: TBL_SKLL_TCHNLGY_CNTNTS_MAPNG | E12: REG_DT | F12: 등록_일시 | G12: 등록_일시 | H12: 기능_기술_컨텐츠_매핑 | I12: =VLOOKUP(F12,표준용어사전!$B:$D,3,FALSE) -> 연월일시분초TS | J12: TIMESTAMP | K12: - | L12: - | M12: YYYYMMDDHH24MISS | N12: Y | T12: YYYY : 0001~9999, MM : 01~12, DD : 01~31, HH : 00~23, MI : 00~59, SS : 00~59 | U12: N | V12: N
A13: N | B13: 생태모방사례 | C13: bksp | D13: TBL_SKLL_TCHNLGY_CNTNTS_MAPNG | E13: REG_ID | F13: 등록_아이디 | G13: 등록_아이디 | H13: 기능_기술_컨텐츠_매핑 | I13: =VLOOKUP(F13,표준용어사전!$B:$D,3,FALSE) -> 명V20 | J13: VARCHAR | K13: 20 | L13: - | M13: 20자리 이내 문자 | N13: N | U13: N | V13: N
A14: N | B14: 생태모방사례 | C14: bksp | D14: TBL_SKLL_TCHNLGY_CNTNTS_MAPNG | E14: MDFCN_DT | F14: 수정_일시 | G14: 수정_일시 | H14: 기능_기술_컨텐츠_매핑 | I14: =VLOOKUP(F14,표준용어사전!$B:$D,3,FALSE) -> 연월일시분초TS | J14: TIMESTAMP | K14: - | L14: - | M14: YYYYMMDDHH24MISS | N14: N | T14: YYYY : 0001~9999, MM : 01~12, DD : 01~31, HH : 00~23, MI : 00~59, SS : 00~59 | U14: N | V14: N
A15: N | B15: 생태모방사례 | C15: bksp | D15: TBL_SKLL_TCHNLGY_CNTNTS_MAPNG | E15: MDFCN_ID | F15: 수정_아이디 | G15: 수정_아이디 | H15: 기능_기술_컨텐츠_매핑 | I15: =VLOOKUP(F15,표준용어사전!$B:$D,3,FALSE) -> 명V20 | J15: VARCHAR | K15: 20 | L15: - | M15: 20자리 이내 문자 | N15: N | U15: N | V15: N
A16: N | B16: 생태모방사례 | C16: bksp | D16: TBL_SKLL_SECT_CNTNTS_MAPNG | E16: CNTNTS_NO | F16: 컨텐츠_번호 | G16: 컨텐츠_번호 | H16: 기능_부문_컨텐츠_매핑 | I16: =VLOOKUP(F16,표준용어사전!$B:$D,3,FALSE) -> #N/A | J16: NUMERIC | K16: 10 | L16: - | M16: 9999999999 | N16: Y | O16: PK01 | U16: N | V16: N
A17: N | B17: 생태모방사례 | C17: bksp | D17: TBL_SKLL_SECT_CNTNTS_MAPNG | E17: SECT_CD | F17: 부문_코드 | G17: 부문_코드 | H17: 기능_부문_컨텐츠_매핑 | I17: =VLOOKUP(F17,표준용어사전!$B:$D,3,FALSE) -> 코드V50 | J17: CHAR | K17: 50 | L17: - | M17: 50자리 문자 | N17: Y | O17: PK02 | U17: N | V17: N
A18: N | B18: 생태모방사례 | C18: bksp | D18: TBL_SKLL_SECT_CNTNTS_MAPNG | E18: REG_DT | F18: 등록_일시 | G18: 등록_일시 | H18: 기능_부문_컨텐츠_매핑 | I18: =VLOOKUP(F18,표준용어사전!$B:$D,3,FALSE) -> 연월일시분초TS | J18: TIMESTAMP | K18: - | L18: - | M18: YYYYMMDDHH24MISS | N18: Y | T18: YYYY : 0001~9999, MM : 01~12, DD : 01~31, HH : 00~23, MI : 00~59, SS : 00~59 | U18: N | V18: N
A19: N | B19: 생태모방사례 | C19: bksp | D19: TBL_SKLL_SECT_CNTNTS_MAPNG | E19: REG_ID | F19: 등록_아이디 | G19: 등록_아이디 | H19: 기능_부문_컨텐츠_매핑 | I19: =VLOOKUP(F19,표준용어사전!$B:$D,3,FALSE) -> 명V20 | J19: VARCHAR | K19: 20 | L19: - | M19: 20자리 이내 문자 | N19: N | U19: N | V19: N
A20: N | B20: 생태모방사례 | C20: bksp | D20: TBL_SKLL_SECT_CNTNTS_MAPNG | E20: MDFCN_DT | F20: 수정_일시 | G20: 수정_일시 | H20: 기능_부문_컨텐츠_매핑 | I20: =VLOOKUP(F20,표준용어사전!$B:$D,3,FALSE) -> 연월일시분초TS | J20: TIMESTAMP | K20: - | L20: - | M20: YYYYMMDDHH24MISS | N20: N | T20: YYYY : 0001~9999, MM : 01~12, DD : 01~31, HH : 00~23, MI : 00~59, SS : 00~59 | U20: N | V20: N
A21: N | B21: 생태모방사례 | C21: bksp | D21: TBL_SKLL_SECT_CNTNTS_MAPNG | E21: MDFCN_ID | F21: 수정_아이디 | G21: 수정_아이디 | H21: 기능_부문_컨텐츠_매핑 | I21: =VLOOKUP(F21,표준용어사전!$B:$D,3,FALSE) -> 명V20 | J21: VARCHAR | K21: 20 | L21: - | M21: 20자리 이내 문자 | N21: N | U21: N | V21: N
A22: N | B22: 생태모방사례 | C22: bksp | D22: TBL_SKLL_ETC_CD_MNG | E22: ETC_CD_SE | F22: 기타_코드_구분 | G22: 기타_코드_구분 | H22: 기능_기타_코드_관리 | I22: =VLOOKUP(F22,표준용어사전!$B:$D,3,FALSE) -> #N/A | J22: VARCHAR | K22: 2000 | L22: - | M22: 2000자리 이내 문자 | N22: Y | O22: PK01 | U22: N | V22: N
A23: N | B23: 생태모방사례 | C23: bksp | D23: TBL_SKLL_ETC_CD_MNG | E23: ETC_CD | F23: 기타_코드 | G23: 기타_코드 | H23: 기능_기타_코드_관리 | I23: =VLOOKUP(F23,표준용어사전!$B:$D,3,FALSE) -> 코드V50 | J23: CHAR | K23: 50 | L23: - | M23: 50자리 문자 | N23: Y | O23: PK02 | U23: N | V23: N
A24: N | B24: 생태모방사례 | C24: bksp | D24: TBL_SKLL_ETC_CD_MNG | E24: ENG_CD_DC | F24: 영문_코드_서술 | G24: 영문_코드_설명 | H24: 기능_기타_코드_관리 | I24: =VLOOKUP(F24,표준용어사전!$B:$D,3,FALSE) -> #N/A | J24: VARCHAR | K24: 2000 | L24: - | M24: 2000자리 이내 문자 | N24: N | U24: N | V24: N
A25: N | B25: 생태모방사례 | C25: bksp | D25: TBL_SKLL_ETC_CD_MNG | E25: KORN_CD_DC | F25: 한글_코드_서술 | G25: 한글_코드_설명 | H25: 기능_기타_코드_관리 | I25: =VLOOKUP(F25,표준용어사전!$B:$D,3,FALSE) -> #N/A | J25: VARCHAR | K25: 2000 | L25: - | M25: 2000자리 이내 문자 | N25: N | U25: N | V25: N
A26: N | B26: 생태모방사례 | C26: bksp | D26: TBL_SKLL_ETC_CD_MNG | E26: REG_DT | F26: 등록_일시 | G26: 등록_일시 | H26: 기능_기타_코드_관리 | I26: =VLOOKUP(F26,표준용어사전!$B:$D,3,FALSE) -> 연월일시분초TS | J26: TIMESTAMP | K26: - | L26: - | M26: YYYYMMDDHH24MISS | N26: Y | T26: YYYY : 0001~9999, MM : 01~12, DD : 01~31, HH : 00~23, MI : 00~59, SS : 00~59 | U26: N | V26: N
A27: N | B27: 생태모방사례 | C27: bksp | D27: TBL_SKLL_ETC_CD_MNG | E27: REG_ID | F27: 등록_아이디 | G27: 등록_아이디 | H27: 기능_기타_코드_관리 | I27: =VLOOKUP(F27,표준용어사전!$B:$D,3,FALSE) -> 명V20 | J27: VARCHAR | K27: 20 | L27: - | M27: 20자리 이내 문자 | N27: N | U27: N | V27: N
A28: N | B28: 생태모방사례 | C28: bksp | D28: TBL_SKLL_ETC_CD_MNG | E28: MDFCN_DT | F28: 수정_일시 | G28: 수정_일시 | H28: 기능_기타_코드_관리 | I28: =VLOOKUP(F28,표준용어사전!$B:$D,3,FALSE) -> 연월일시분초TS | J28: TIMESTAMP | K28: - | L28: - | M28: YYYYMMDDHH24MISS | N28: N | T28: YYYY : 0001~9999, MM : 01~12, DD : 01~31, HH : 00~23, MI : 00~59, SS : 00~59 | U28: N | V28: N
A29: N | B29: 생태모방사례 | C29: bksp | D29: TBL_SKLL_ETC_CD_MNG | E29: MDFCN_ID | F29: 수정_아이디 | G29: 수정_아이디 | H29: 기능_기타_코드_관리 | I29: =VLOOKUP(F29,표준용어사전!$B:$D,3,FALSE) -> 명V20 | J29: VARCHAR | K29: 20 | L29: - | M29: 20자리 이내 문자 | N29: N | U29: N | V29: N
A30: N | B30: 생태모방사례 | C30: bksp | D30: TBL_SKLL_CNTNTS_REL | E30: CNTNTS_NO | F30: 컨텐츠_번호 | G30: 컨텐츠_번호 | H30: 기능_컨텐츠_관계 | I30: =VLOOKUP(F30,표준용어사전!$B:$D,3,FALSE) -> #N/A | J30: NUMERIC | K30: 10 | L30: - | M30: 9999999999 | N30: Y | O30: PK01 | U30: N | V30: N
A31: N | B31: 생태모방사례 | C31: bksp | D31: TBL_SKLL_CNTNTS_REL | E31: CNTNTS_REL_NO | F31: 컨텐츠_관계_번호 | G31: 컨텐츠_관계_번호 | H31: 기능_컨텐츠_관계 | I31: =VLOOKUP(F31,표준용어사전!$B:$D,3,FALSE) -> #N/A | J31: NUMERIC | K31: 10 | L31: - | M31: 9999999999 | N31: Y | O31: PK02 | U31: N | V31: N
A32: N | B32: 생태모방사례 | C32: bksp | D32: TBL_SKLL_CNTNTS_REL | E32: CNTNTS_SE_NM | F32: 컨텐츠_구분_명 | G32: 컨텐츠_구분_명 | H32: 기능_컨텐츠_관계 | I32: =VLOOKUP(F32,표준용어사전!$B:$D,3,FALSE) -> #N/A | J32: VARCHAR | K32: 100 | L32: - | M32: 100자리 이내 문자 | N32: N | U32: N | V32: N
A33: N | B33: 생태모방사례 | C33: bksp | D33: TBL_SKLL_CNTNTS_REL | E33: REG_DT | F33: 등록_일시 | G33: 등록_일시 | H33: 기능_컨텐츠_관계 | I33: =VLOOKUP(F33,표준용어사전!$B:$D,3,FALSE) -> 연월일시분초TS | J33: TIMESTAMP | K33: - | L33: - | M33: YYYYMMDDHH24MISS | N33: Y | T33: YYYY : 0001~9999, MM : 01~12, DD : 01~31, HH : 00~23, MI : 00~59, SS : 00~59 | U33: N | V33: N
A34: N | B34: 생태모방사례 | C34: bksp | D34: TBL_SKLL_CNTNTS_REL | E34: REG_ID | F34: 등록_아이디 | G34: 등록_아이디 | H34: 기능_컨텐츠_관계 | I34: =VLOOKUP(F34,표준용어사전!$B:$D,3,FALSE) -> 명V20 | J34: VARCHAR | K34: 20 | L34: - | M34: 20자리 이내 문자 | N34: N | U34: N | V34: N
A35: N | B35: 생태모방사례 | C35: bksp | D35: TBL_SKLL_CNTNTS_REL | E35: MDFCN_DT | F35: 수정_일시 | G35: 수정_일시 | H35: 기능_컨텐츠_관계 | I35: =VLOOKUP(F35,표준용어사전!$B:$D,3,FALSE) -> 연월일시분초TS | J35: TIMESTAMP | K35: - | L35: - | M35: YYYYMMDDHH24MISS | N35: N | T35: YYYY : 0001~9999, MM : 01~12, DD : 01~31, HH : 00~23, MI : 00~59, SS : 00~59 | U35: N | V35: N
A36: N | B36: 생태모방사례 | C36: bksp | D36: TBL_SKLL_CNTNTS_REL | E36: MDFCN_ID | F36: 수정_아이디 | G36: 수정_아이디 | H36: 기능_컨텐츠_관계 | I36: =VLOOKUP(F36,표준용어사전!$B:$D,3,FALSE) -> 명V20 | J36: VARCHAR | K36: 20 | L36: - | M36: 20자리 이내 문자 | N36: N | U36: N | V36: N
A37: N | B37: 생태모방사례 | C37: bksp | D37: TBL_SKLL_CNTNTS_MSTR | E37: CNTNTS_NO | F37: 컨텐츠_번호 | G37: 컨텐츠_번호 | H37: 기능_컨텐츠_마스터 | I37: =VLOOKUP(F37,표준용어사전!$B:$D,3,FALSE) -> #N/A | J37: NUMERIC | K37: 10 | L37: - | M37: 9999999999 | N37: Y | O37: PK01 | U37: N | V37: N
A38: N | B38: 생태모방사례 | C38: bksp | D38: TBL_SKLL_CNTNTS_MSTR | E38: CNTNTS_SE_NM | F38: 컨텐츠_구분_명 | G38: 컨텐츠_구분_명 | H38: 기능_컨텐츠_마스터 | I38: =VLOOKUP(F38,표준용어사전!$B:$D,3,FALSE) -> #N/A | J38: VARCHAR | K38: 100 | L38: - | M38: 100자리 이내 문자 | N38: N | U38: N | V38: N
A39: N | B39: 생태모방사례 | C39: bksp | D39: TBL_SKLL_CNTNTS_MSTR | E39: CNTNTS_TTL | F39: 컨텐츠_제목 | G39: 컨텐츠_제목 | H39: 기능_컨텐츠_마스터 | I39: =VLOOKUP(F39,표준용어사전!$B:$D,3,FALSE) -> #N/A | J39: VARCHAR | K39: 512 | L39: - | M39: 512자리 이내 문자 | N39: N | U39: N | V39: N
A40: N | B40: 생태모방사례 | C40: bksp | D40: TBL_SKLL_CNTNTS_MSTR | E40: CNTNTS_SBTTL | F40: 컨텐츠_부제목 | G40: 컨텐츠_부제목 | H40: 기능_컨텐츠_마스터 | I40: =VLOOKUP(F40,표준용어사전!$B:$D,3,FALSE) -> #N/A | J40: VARCHAR | K40: 256 | L40: - | M40: 256자리 이내 문자 | N40: N | U40: N | V40: N
A41: N | B41: 생태모방사례 | C41: bksp | D41: TBL_SKLL_CNTNTS_MSTR | E41: CNTNTS_SUMRY_EXPLN | F41: 컨텐츠_요약_설명 | G41: 컨텐츠_요약_내용 | H41: 기능_컨텐츠_마스터 | I41: =VLOOKUP(F41,표준용어사전!$B:$D,3,FALSE) -> #N/A | J41: VARCHAR | K41: 2000 | L41: - | M41: 2000자리 이내 문자 | N41: N | U41: N | V41: N
A42: N | B42: 생태모방사례 | C42: bksp | D42: TBL_SKLL_CNTNTS_MSTR | E42: THUMB_IMG_URL | F42: 썸네일_이미지_URL | G42: 썸네일_이미지_URL | H42: 기능_컨텐츠_마스터 | I42: =VLOOKUP(F42,표준용어사전!$B:$D,3,FALSE) -> #N/A | J42: VARCHAR | K42: 2000 | L42: - | M42: 2000자리 이내 문자 | N42: N | U42: N | V42: N
A43: N | B43: 생태모방사례 | C43: bksp | D43: TBL_SKLL_CNTNTS_MSTR | E43: CNTNTS_CN | F43: 컨텐츠_내용 | G43: 컨텐츠_내용 | H43: 기능_컨텐츠_마스터 | I43: =VLOOKUP(F43,표준용어사전!$B:$D,3,FALSE) -> #N/A | J43: TEXT | K43: - | L43: - | N43: N | U43: N | V43: N
A44: N | B44: 생태모방사례 | C44: bksp | D44: TBL_SKLL_CNTNTS_MSTR | E44: CNTNTS_ORGNL_CN | F44: 컨텐츠_원본_내용 | G44: 컨텐츠_원본_내용 | H44: 기능_컨텐츠_마스터 | I44: =VLOOKUP(F44,표준용어사전!$B:$D,3,FALSE) -> #N/A | J44: TEXT | K44: - | L44: - | N44: N | U44: N | V44: N
A45: N | B45: 생태모방사례 | C45: bksp | D45: TBL_SKLL_CNTNTS_MSTR | E45: DATA_CLCT_SRC_BSC_URL | F45: 자료_수집_출처_기본_URL | G45: 자료_수집_출처_기본_URL | H45: 기능_컨텐츠_마스터 | I45: =VLOOKUP(F45,표준용어사전!$B:$D,3,FALSE) -> #N/A | J45: VARCHAR | K45: 2100 | L45: - | M45: 2100자리 이내 문자 | N45: N | U45: N | V45: N
A46: N | B46: 생태모방사례 | C46: bksp | D46: TBL_SKLL_CNTNTS_MSTR | E46: RLS_YMD | F46: 공개_일자 | G46: 공개_일자 | H46: 기능_컨텐츠_마스터 | I46: =VLOOKUP(F46,표준용어사전!$B:$D,3,FALSE) -> 연월일C8 | J46: CHAR | K46: 8 | L46: - | M46: YYYYMMDD | N46: N | T46: YYYY : 0001~9999, MM : 01~12, DD : 01~31 | U46: N | V46: N
A47: N | B47: 생태모방사례 | C47: bksp | D47: TBL_SKLL_CNTNTS_MSTR | E47: INDEX_CMPTN_YN | F47: 색인_완료_여부 | G47: 색인_완료_여부 | H47: 기능_컨텐츠_마스터 | I47: =VLOOKUP(F47,표준용어사전!$B:$D,3,FALSE) -> 여부C1 | J47: CHAR | K47: 1 | L47: - | M47: 1자리 문자 | N47: N | T47: Y : 여(예), N : 부(아니요) | U47: N | V47: N
A48: N | B48: 생태모방사례 | C48: bksp | D48: TBL_SKLL_CNTNTS_MSTR | E48: LANG_SE_CD | F48: 언어_구분_코드 | G48: 언어_구분_코드 | H48: 기능_컨텐츠_마스터 | I48: =VLOOKUP(F48,표준용어사전!$B:$D,3,FALSE) -> 코드C2 | J48: CHAR | K48: 50 | L48: - | M48: 50자리 문자 | N48: N | U48: N | V48: N
A49: N | B49: 생태모방사례 | C49: bksp | D49: TBL_SKLL_CNTNTS_MSTR | E49: ASKNTR_ID | F49: ASKNATURE_아이디 | G49: ASKNATURE_아이디 | H49: 기능_컨텐츠_마스터 | I49: =VLOOKUP(F49,표준용어사전!$B:$D,3,FALSE) -> 명V20 | J49: VARCHAR | K49: 50 | L49: - | M49: 50자리 이내 문자 | N49: N | U49: N | V49: N
A50: N | B50: 생태모방사례 | C50: bksp | D50: TBL_SKLL_CNTNTS_MSTR | E50: REG_DT | F50: 등록_일시 | G50: 등록_일시 | H50: 기능_컨텐츠_마스터 | I50: =VLOOKUP(F50,표준용어사전!$B:$D,3,FALSE) -> 연월일시분초TS | J50: TIMESTAMP | K50: - | L50: - | M50: YYYYMMDDHH24MISS | N50: Y | T50: YYYY : 0001~9999, MM : 01~12, DD : 01~31, HH : 00~23, MI : 00~59, SS : 00~59 | U50: N | V50: N
A51: N | B51: 생태모방사례 | C51: bksp | D51: TBL_SKLL_CNTNTS_MSTR | E51: REG_ID | F51: 등록_아이디 | G51: 등록_아이디 | H51: 기능_컨텐츠_마스터 | I51: =VLOOKUP(F51,표준용어사전!$B:$D,3,FALSE) -> 명V20 | J51: VARCHAR | K51: 20 | L51: - | M51: 20자리 이내 문자 | N51: N | U51: N | V51: N
A52: N | B52: 생태모방사례 | C52: bksp | D52: TBL_SKLL_CNTNTS_MSTR | E52: MDFCN_DT | F52: 수정_일시 | G52: 수정_일시 | H52: 기능_컨텐츠_마스터 | I52: =VLOOKUP(F52,표준용어사전!$B:$D,3,FALSE) -> 연월일시분초TS | J52: TIMESTAMP | K52: - | L52: - | M52: YYYYMMDDHH24MISS | N52: N | T52: YYYY : 0001~9999, MM : 01~12, DD : 01~31, HH : 00~23, MI : 00~59, SS : 00~59 | U52: N | V52: N
A53: N | B53: 생태모방사례 | C53: bksp | D53: TBL_SKLL_CNTNTS_MSTR | E53: MDFCN_ID | F53: 수정_아이디 | G53: 수정_아이디 | H53: 기능_컨텐츠_마스터 | I53: =VLOOKUP(F53,표준용어사전!$B:$D,3,FALSE) -> 명V20 | J53: VARCHAR | K53: 20 | L53: - | M53: 20자리 이내 문자 | N53: N | U53: N | V53: N
A54: N | B54: 생태모방사례 | C54: bksp | D54: TBL_SKLL_CNTNTS_MSTR | E54: ECLGY_MMCRY_CASE_MMCRY_CLSF_CMPTN_YN | F54: 생태_모방_사례_모방_분류_완료_여부 | G54: 생태_모방_사례_모방_분류_완료_여부 | H54: 기능_컨텐츠_마스터 | I54: =VLOOKUP(F54,표준용어사전!$B:$D,3,FALSE) -> 여부C1 | J54: CHAR | K54: 1 | L54: - | M54: 1자리 문자 | N54: N | T54: Y : 여(예), N : 부(아니요) | U54: N | V54: N
A55: N | B55: 생태모방사례 | C55: bksp | D55: TBL_SKLL_CNTNTS_KWRD | E55: CNTNTS_KWRD_NO | F55: 컨텐츠_키워드_번호 | G55: 컨텐츠_키워드_번호 | H55: 기능_컨텐츠_키워드 | I55: =VLOOKUP(F55,표준용어사전!$B:$D,3,FALSE) -> #N/A | J55: INT4 | K55: - | L55: - | N55: Y | O55: PK01 | U55: N | V55: N
A56: N | B56: 생태모방사례 | C56: bksp | D56: TBL_SKLL_CNTNTS_KWRD | E56: CNTNTS_NO | F56: 컨텐츠_번호 | G56: 컨텐츠_번호 | H56: 기능_컨텐츠_키워드 | I56: =VLOOKUP(F56,표준용어사전!$B:$D,3,FALSE) -> #N/A | J56: NUMERIC | K56: 10 | L56: - | M56: 9999999999 | N56: Y | U56: N | V56: N
A57: N | B57: 생태모방사례 | C57: bksp | D57: TBL_SKLL_CNTNTS_KWRD | E57: ENG_KWRD_NM | F57: 영문_키워드_명 | G57: 영문_키워드_명 | H57: 기능_컨텐츠_키워드 | I57: =VLOOKUP(F57,표준용어사전!$B:$D,3,FALSE) -> 명V256 | J57: VARCHAR | K57: 256 | L57: - | M57: 256자리 이내 문자 | N57: N | U57: N | V57: N
A58: N | B58: 생태모방사례 | C58: bksp | D58: TBL_SKLL_CNTNTS_KWRD | E58: KOREAN_KWRD_NM | F58: 한국어_키워드_명 | G58: 한글_키워드_명 | H58: 기능_컨텐츠_키워드 | I58: =VLOOKUP(F58,표준용어사전!$B:$D,3,FALSE) -> #N/A | J58: VARCHAR | K58: 256 | L58: - | M58: 256자리 이내 문자 | N58: N | U58: N | V58: N
A59: N | B59: 생태모방사례 | C59: bksp | D59: TBL_SKLL_CNTNTS_KWRD | E59: REG_DT | F59: 등록_일시 | G59: 등록_일시 | H59: 기능_컨텐츠_키워드 | I59: =VLOOKUP(F59,표준용어사전!$B:$D,3,FALSE) -> 연월일시분초TS | J59: TIMESTAMP | K59: - | L59: - | M59: YYYYMMDDHH24MISS | N59: Y | T59: YYYY : 0001~9999, MM : 01~12, DD : 01~31, HH : 00~23, MI : 00~59, SS : 00~59 | U59: N | V59: N
A60: N | B60: 생태모방사례 | C60: bksp | D60: TBL_SKLL_CNTNTS_KWRD | E60: REG_ID | F60: 등록_아이디 | G60: 등록_아이디 | H60: 기능_컨텐츠_키워드 | I60: =VLOOKUP(F60,표준용어사전!$B:$D,3,FALSE) -> 명V20 | J60: VARCHAR | K60: 20 | L60: - | M60: 20자리 이내 문자 | N60: N | U60: N | V60: N
A61: N | B61: 생태모방사례 | C61: bksp | D61: TBL_SKLL_CNTNTS_KWRD | E61: MDFCN_DT | F61: 수정_일시 | G61: 수정_일시 | H61: 기능_컨텐츠_키워드 | I61: =VLOOKUP(F61,표준용어사전!$B:$D,3,FALSE) -> 연월일시분초TS | J61: TIMESTAMP | K61: - | L61: - | M61: YYYYMMDDHH24MISS | N61: N | T61: YYYY : 0001~9999, MM : 01~12, DD : 01~31, HH : 00~23, MI : 00~59, SS : 00~59 | U61: N | V61: N
A62: N | B62: 생태모방사례 | C62: bksp | D62: TBL_SKLL_CNTNTS_KWRD | E62: MDFCN_ID | F62: 수정_아이디 | G62: 수정_아이디 | H62: 기능_컨텐츠_키워드 | I62: =VLOOKUP(F62,표준용어사전!$B:$D,3,FALSE) -> 명V20 | J62: VARCHAR | K62: 20 | L62: - | M62: 20자리 이내 문자 | N62: N | U62: N | V62: N
A63: N | B63: 생태모방사례 | C63: bksp | D63: TBL_SKLL_CNTNTS_BIOSPC | E63: CNTNTS_BIOSPC_NO | F63: 컨텐츠_생물종_번호 | G63: 컨텐츠_생물종_번호 | H63: 기능_컨텐츠_생물종 | I63: =VLOOKUP(F63,표준용어사전!$B:$D,3,FALSE) -> #N/A | J63: INT4 | K63: - | L63: - | N63: Y | O63: PK01 | U63: N | V63: N
A64: N | B64: 생태모방사례 | C64: bksp | D64: TBL_SKLL_CNTNTS_BIOSPC | E64: CNTNTS_NO | F64: 컨텐츠_번호 | G64: 컨텐츠_번호 | H64: 기능_컨텐츠_생물종 | I64: =VLOOKUP(F64,표준용어사전!$B:$D,3,FALSE) -> #N/A | J64: NUMERIC | K64: 10 | L64: - | M64: 9999999999 | N64: Y | U64: N | V64: N
A65: N | B65: 생태모방사례 | C65: bksp | D65: TBL_SKLL_CNTNTS_BIOSPC | E65: TXNM_SE_CD | F65: 분류학_구분_코드 | G65: 분류학_구분_코드 | H65: 기능_컨텐츠_생물종 | I65: =VLOOKUP(F65,표준용어사전!$B:$D,3,FALSE) -> 코드V50 | J65: CHAR | K65: 50 | L65: - | M65: 50자리 문자 | N65: N | U65: N | V65: N
A66: N | B66: 생태모방사례 | C66: bksp | D66: TBL_SKLL_CNTNTS_BIOSPC | E66: TXNM_ID | F66: 분류학_아이디 | G66: 분류학_아이디 | H66: 기능_컨텐츠_생물종 | I66: =VLOOKUP(F66,표준용어사전!$B:$D,3,FALSE) -> 명V256 | J66: VARCHAR | K66: 255 | L66: - | M66: 255자리 이내 문자 | N66: N | U66: N | V66: N
A67: N | B67: 생태모방사례 | C67: bksp | D67: TBL_SKLL_CNTNTS_BIOSPC | E67: REG_DT | F67: 등록_일시 | G67: 등록_일시 | H67: 기능_컨텐츠_생물종 | I67: =VLOOKUP(F67,표준용어사전!$B:$D,3,FALSE) -> 연월일시분초TS | J67: TIMESTAMP | K67: - | L67: - | M67: YYYYMMDDHH24MISS | N67: Y | T67: YYYY : 0001~9999, MM : 01~12, DD : 01~31, HH : 00~23, MI : 00~59, SS : 00~59 | U67: N | V67: N
A68: N | B68: 생태모방사례 | C68: bksp | D68: TBL_SKLL_CNTNTS_BIOSPC | E68: REG_ID | F68: 등록_아이디 | G68: 등록_아이디 | H68: 기능_컨텐츠_생물종 | I68: =VLOOKUP(F68,표준용어사전!$B:$D,3,FALSE) -> 명V20 | J68: VARCHAR | K68: 20 | L68: - | M68: 20자리 이내 문자 | N68: N | U68: N | V68: N
A69: N | B69: 생태모방사례 | C69: bksp | D69: TBL_SKLL_CNTNTS_BIOSPC | E69: MDFCN_DT | F69: 수정_일시 | G69: 수정_일시 | H69: 기능_컨텐츠_생물종 | I69: =VLOOKUP(F69,표준용어사전!$B:$D,3,FALSE) -> 연월일시분초TS | J69: TIMESTAMP | K69: - | L69: - | M69: YYYYMMDDHH24MISS | N69: N | T69: YYYY : 0001~9999, MM : 01~12, DD : 01~31, HH : 00~23, MI : 00~59, SS : 00~59 | U69: N | V69: N
A70: N | B70: 생태모방사례 | C70: bksp | D70: TBL_SKLL_CNTNTS_BIOSPC | E70: MDFCN_ID | F70: 수정_아이디 | G70: 수정_아이디 | H70: 기능_컨텐츠_생물종 | I70: =VLOOKUP(F70,표준용어사전!$B:$D,3,FALSE) -> 명V20 | J70: VARCHAR | K70: 20 | L70: - | M70: 20자리 이내 문자 | N70: N | U70: N | V70: N
A71: N | B71: 생태모방사례 | C71: bksp | D71: TBL_SKLL_BNEF_CNTNTS_MAPNG | E71: CNTNTS_NO | F71: 컨텐츠_번호 | G71: 컨텐츠_번호 | H71: 기능_혜택_컨텐츠_매핑 | I71: =VLOOKUP(F71,표준용어사전!$B:$D,3,FALSE) -> #N/A | J71: NUMERIC | K71: 10 | L71: - | M71: 9999999999 | N71: Y | O71: PK01 | U71: N | V71: N
A72: N | B72: 생태모방사례 | C72: bksp | D72: TBL_SKLL_BNEF_CNTNTS_MAPNG | E72: BNEF_CD | F72: 혜택_코드 | G72: 혜택_코드 | H72: 기능_혜택_컨텐츠_매핑 | I72: =VLOOKUP(F72,표준용어사전!$B:$D,3,FALSE) -> 코드V50 | J72: CHAR | K72: 50 | L72: - | M72: 50자리 문자 | N72: Y | O72: PK02 | U72: N | V72: N
A73: N | B73: 생태모방사례 | C73: bksp | D73: TBL_SKLL_BNEF_CNTNTS_MAPNG | E73: REG_DT | F73: 등록_일시 | G73: 등록_일시 | H73: 기능_혜택_컨텐츠_매핑 | I73: =VLOOKUP(F73,표준용어사전!$B:$D,3,FALSE) -> 연월일시분초TS | J73: TIMESTAMP | K73: - | L73: - | M73: YYYYMMDDHH24MISS | N73: Y | T73: YYYY : 0001~9999, MM : 01~12, DD : 01~31, HH : 00~23, MI : 00~59, SS : 00~59 | U73: N | V73: N
A74: N | B74: 생태모방사례 | C74: bksp | D74: TBL_SKLL_BNEF_CNTNTS_MAPNG | E74: REG_ID | F74: 등록_아이디 | G74: 등록_아이디 | H74: 기능_혜택_컨텐츠_매핑 | I74: =VLOOKUP(F74,표준용어사전!$B:$D,3,FALSE) -> 명V20 | J74: VARCHAR | K74: 20 | L74: - | M74: 20자리 이내 문자 | N74: N | U74: N | V74: N
A75: N | B75: 생태모방사례 | C75: bksp | D75: TBL_SKLL_BNEF_CNTNTS_MAPNG | E75: MDFCN_DT | F75: 수정_일시 | G75: 수정_일시 | H75: 기능_혜택_컨텐츠_매핑 | I75: =VLOOKUP(F75,표준용어사전!$B:$D,3,FALSE) -> 연월일시분초TS | J75: TIMESTAMP | K75: - | L75: - | M75: YYYYMMDDHH24MISS | N75: N | T75: YYYY : 0001~9999, MM : 01~12, DD : 01~31, HH : 00~23, MI : 00~59, SS : 00~59 | U75: N | V75: N
A76: N | B76: 생태모방사례 | C76: bksp | D76: TBL_SKLL_BNEF_CNTNTS_MAPNG | E76: MDFCN_ID | F76: 수정_아이디 | G76: 수정_아이디 | H76: 기능_혜택_컨텐츠_매핑 | I76: =VLOOKUP(F76,표준용어사전!$B:$D,3,FALSE) -> 명V20 | J76: VARCHAR | K76: 20 | L76: - | M76: 20자리 이내 문자 | N76: N | U76: N | V76: N
A77: N | B77: 생태모방사례 | C77: bksp | D77: TBL_SKLL_APLCTN_CNTNTS_MAPNG | E77: CNTNTS_NO | F77: 컨텐츠_번호 | G77: 컨텐츠_번호 | H77: 기능_애플리케이션_컨텐츠_매핑 | I77: =VLOOKUP(F77,표준용어사전!$B:$D,3,FALSE) -> #N/A | J77: NUMERIC | K77: 10 | L77: - | M77: 9999999999 | N77: Y | O77: PK01 | U77: N | V77: N
A78: N | B78: 생태모방사례 | C78: bksp | D78: TBL_SKLL_APLCTN_CNTNTS_MAPNG | E78: APLCTN_CD | F78: 애플리케이션_코드 | G78: 애플리케이션_코드 | H78: 기능_애플리케이션_컨텐츠_매핑 | I78: =VLOOKUP(F78,표준용어사전!$B:$D,3,FALSE) -> 코드V50 | J78: CHAR | K78: 50 | L78: - | M78: 50자리 문자 | N78: Y | O78: PK02 | U78: N | V78: N
A79: N | B79: 생태모방사례 | C79: bksp | D79: TBL_SKLL_APLCTN_CNTNTS_MAPNG | E79: REG_DT | F79: 등록_일시 | G79: 등록_일시 | H79: 기능_애플리케이션_컨텐츠_매핑 | I79: =VLOOKUP(F79,표준용어사전!$B:$D,3,FALSE) -> 연월일시분초TS | J79: TIMESTAMP | K79: - | L79: - | M79: YYYYMMDDHH24MISS | N79: Y | T79: YYYY : 0001~9999, MM : 01~12, DD : 01~31, HH : 00~23, MI : 00~59, SS : 00~59 | U79: N | V79: N
A80: N | B80: 생태모방사례 | C80: bksp | D80: TBL_SKLL_APLCTN_CNTNTS_MAPNG | E80: REG_ID | F80: 등록_아이디 | G80: 등록_아이디 | H80: 기능_애플리케이션_컨텐츠_매핑 | I80: =VLOOKUP(F80,표준용어사전!$B:$D,3,FALSE) -> 명V20 | J80: VARCHAR | K80: 20 | L80: - | M80: 20자리 이내 문자 | N80: N | U80: N | V80: N
A81: N | B81: 생태모방사례 | C81: bksp | D81: TBL_SKLL_APLCTN_CNTNTS_MAPNG | E81: MDFCN_DT | F81: 수정_일시 | G81: 수정_일시 | H81: 기능_애플리케이션_컨텐츠_매핑 | I81: =VLOOKUP(F81,표준용어사전!$B:$D,3,FALSE) -> 연월일시분초TS | J81: TIMESTAMP | K81: - | L81: - | M81: YYYYMMDDHH24MISS | N81: N | T81: YYYY : 0001~9999, MM : 01~12, DD : 01~31, HH : 00~23, MI : 00~59, SS : 00~59 | U81: N | V81: N
A82: N | B82: 생태모방사례 | C82: bksp | D82: TBL_SKLL_APLCTN_CNTNTS_MAPNG | E82: MDFCN_ID | F82: 수정_아이디 | G82: 수정_아이디 | H82: 기능_애플리케이션_컨텐츠_매핑 | I82: =VLOOKUP(F82,표준용어사전!$B:$D,3,FALSE) -> 명V20 | J82: VARCHAR | K82: 20 | L82: - | M82: 20자리 이내 문자 | N82: N | U82: N | V82: N
A83: N | B83: 수집 | C83: bksp | D83: TBL_SFE_CLSF_SYSTM_CD_MNG | E83: CLSF_SYSTM_ID | F83: 분류_체계_아이디 | G83: 분류_체계_아이디 | H83: 특징_분류_체계_코드_관리 | I83: =VLOOKUP(F83,표준용어사전!$B:$D,3,FALSE) -> 명V20 | J83: VARCHAR | K83: 20 | L83: - | M83: 20자리 이내 문자 | N83: Y | O83: PK01 | T83: - | U83: N | V83: N
A84: N | B84: 수집 | C84: bksp | D84: TBL_SFE_CLSF_SYSTM_CD_MNG | E84: SFE_CLSF_SYSTM_CD | F84: 특징_분류_체계_코드 | G84: 특징_분류_체계_코드 | H84: 특징_분류_체계_코드_관리 | I84: =VLOOKUP(F84,표준용어사전!$B:$D,3,FALSE) -> 코드V50 | J84: CHAR | K84: 50 | L84: - | M84: 50자리 문자 | N84: Y | Q84: TBL_SFE_CLSF_SYSTM_CD_MNG_UNIQUE | R84: 1 | T84: UNIQUE | U84: N | V84: N
A85: N | B85: 수집 | C85: bksp | D85: TBL_SFE_CLSF_SYSTM_CD_MNG | E85: UP_SFE_CLSF_SYSTM_CD | F85: 상위_특징_분류_체계_코드 | G85: 상위_특징_분류_체계_코드 | H85: 특징_분류_체계_코드_관리 | I85: =VLOOKUP(F85,표준용어사전!$B:$D,3,FALSE) -> 코드V50 | J85: CHAR | K85: 50 | L85: - | M85: 50자리 문자 | N85: N | T85: - | U85: N | V85: N
A86: N | B86: 수집 | C86: bksp | D86: TBL_SFE_CLSF_SYSTM_CD_MNG | E86: CLSF_SYSTM_SE_NM | F86: 분류_체계_구분_명 | G86: 분류_체계_구분_명 | H86: 특징_분류_체계_코드_관리 | I86: =VLOOKUP(F86,표준용어사전!$B:$D,3,FALSE) -> 명V100 | J86: VARCHAR | K86: 100 | L86: - | M86: 100자리 이내 문자 | N86: N | T86: - | U86: N | V86: N
A87: N | B87: 수집 | C87: bksp | D87: TBL_SFE_CLSF_SYSTM_CD_MNG | E87: SFE_CLSF_SYSTM_WHOL_ENG_NM | F87: 특징_분류_체계_전체_영문_명 | G87: 특징_분류_체계_전체_영문_명 | H87: 특징_분류_체계_코드_관리 | I87: =VLOOKUP(F87,표준용어사전!$B:$D,3,FALSE) -> 명V100 | J87: VARCHAR | K87: 100 | L87: - | M87: 100자리 이내 문자 | N87: N | T87: - | U87: N | V87: N
A88: N | B88: 수집 | C88: bksp | D88: TBL_SFE_CLSF_SYSTM_CD_MNG | E88: SFE_CLSF_SYSTM_ENG_NM | F88: 특징_분류_체계_영문_명 | G88: 특징_분류_체계_영문_명 | H88: 특징_분류_체계_코드_관리 | I88: =VLOOKUP(F88,표준용어사전!$B:$D,3,FALSE) -> 명V100 | J88: VARCHAR | K88: 100 | L88: - | M88: 100자리 이내 문자 | N88: N | T88: - | U88: N | V88: N
A89: N | B89: 수집 | C89: bksp | D89: TBL_SFE_CLSF_SYSTM_CD_MNG | E89: SFE_CLSF_SYSTM_KORN_NM | F89: 특징_분류_체계_한글_명 | G89: 특징_분류_체계_한글_명 | H89: 특징_분류_체계_코드_관리 | I89: =VLOOKUP(F89,표준용어사전!$B:$D,3,FALSE) -> 명V100 | J89: VARCHAR | K89: 100 | L89: - | M89: 100자리 이내 문자 | N89: N | T89: - | U89: N | V89: N
A90: N | B90: 수집 | C90: bksp | D90: TBL_SFE_CLSF_SYSTM_CD_MNG | E90: SORT_ORDR_NO | F90: 정렬_순서_번호 | G90: 정렬_순서_번호 | H90: 특징_분류_체계_코드_관리 | I90: =VLOOKUP(F90,표준용어사전!$B:$D,3,FALSE) -> 번호N10 | J90: NUMERIC | K90: 10 | L90: - | M90: 9999999999 | N90: N | T90: - | U90: N | V90: N
A91: N | B91: 수집 | C91: bksp | D91: TBL_SFE_CLSF_SYSTM_CD_MNG | E91: REG_DT | F91: 등록_일시 | G91: 등록_일시 | H91: 특징_분류_체계_코드_관리 | I91: =VLOOKUP(F91,표준용어사전!$B:$D,3,FALSE) -> 연월일시분초TS | J91: TIMESTAMP | K91: - | L91: - | M91: YYYYMMDDHH24MISS | N91: Y | T91: YYYY : 0001~9999, MM : 01~12, DD : 01~31, HH : 00~23, MI : 00~59, SS : 00~59 | U91: N | V91: N
A92: N | B92: 수집 | C92: bksp | D92: TBL_SFE_CLSF_SYSTM_CD_MNG | E92: REG_ID | F92: 등록_아이디 | G92: 등록_아이디 | H92: 특징_분류_체계_코드_관리 | I92: =VLOOKUP(F92,표준용어사전!$B:$D,3,FALSE) -> 명V20 | J92: VARCHAR | K92: 20 | L92: - | M92: 20자리 이내 문자 | N92: N | T92: - | U92: N | V92: N
A93: N | B93: 수집 | C93: bksp | D93: TBL_SFE_CLSF_SYSTM_CD_MNG | E93: MDFCN_DT | F93: 수정_일시 | G93: 수정_일시 | H93: 특징_분류_체계_코드_관리 | I93: =VLOOKUP(F93,표준용어사전!$B:$D,3,FALSE) -> 연월일시분초TS | J93: TIMESTAMP | K93: - | L93: - | M93: YYYYMMDDHH24MISS | N93: N | T93: YYYY : 0001~9999, MM : 01~12, DD : 01~31, HH : 00~23, MI : 00~59, SS : 00~59 | U93: N | V93: N
A94: N | B94: 수집 | C94: bksp | D94: TBL_SFE_CLSF_SYSTM_CD_MNG | E94: MDFCN_ID | F94: 수정_아이디 | G94: 수정_아이디 | H94: 특징_분류_체계_코드_관리 | I94: =VLOOKUP(F94,표준용어사전!$B:$D,3,FALSE) -> 명V20 | J94: VARCHAR | K94: 20 | L94: - | M94: 20자리 이내 문자 | N94: N | T94: - | U94: N | V94: N
A95: N | B95: 수집 | C95: bksp | D95: TBL_SFE_CLSF_SYSTM_CD_MNG | E95: NCBI_JRNL_CNT | F95: NCBI_저널_수 | G95: NCBI_저널_수 | H95: 특징_분류_체계_코드_관리 | I95: =VLOOKUP(F95,표준용어사전!$B:$D,3,FALSE) -> #N/A | J95: NUMERIC | K95: 14 | L95: - | M95: 99999999999999 | N95: Y | U95: N | V95: N
A96: N | B96: 수집 | C96: bksp | D96: TBL_SFE_CLSF_SYSTM_CD_MNG | E96: MMCRY_CASE_CNT | F96: 모방_사례_수 | G96: 모방_사례_수 | H96: 특징_분류_체계_코드_관리 | I96: =VLOOKUP(F96,표준용어사전!$B:$D,3,FALSE) -> #N/A | J96: NUMERIC | K96: 14 | L96: - | M96: 99999999999999 | N96: Y | U96: N | V96: N
A97: N | B97: 수집 | C97: bksp | D97: TBL_SFE_CLSF_SYSTM_CD_MNG | E97: KISTI_JRNL_CNT | F97: KISTI_저널_수 | G97: KISTI_저널_수 | H97: 특징_분류_체계_코드_관리 | I97: =VLOOKUP(F97,표준용어사전!$B:$D,3,FALSE) -> #N/A | J97: NUMERIC | K97: 14 | L97: - | M97: 99999999999999 | N97: Y | U97: N | V97: N
A98: N | B98: 수집 | C98: bksp | D98: TBL_SFE_CLSF_SYSTM_CD_MNG | E98: LVB_SFE_CNT | F98: 생물_특징_수 | G98: 생물_특징_수 | H98: 특징_분류_체계_코드_관리 | I98: =VLOOKUP(F98,표준용어사전!$B:$D,3,FALSE) -> #N/A | J98: NUMERIC | K98: 14 | L98: - | M98: 99999999999999 | N98: Y | U98: N | V98: N
A99: N | B99: 수집 | C99: bksp | D99: TBL_SFE_CLSF_SYSTM_CD_MNG | E99: PATENT_CNT | F99: 특허_수 | G99: 특허_수 | H99: 특징_분류_체계_코드_관리 | I99: =VLOOKUP(F99,표준용어사전!$B:$D,3,FALSE) -> #N/A | J99: NUMERIC | K99: 14 | L99: - | M99: 99999999999999 | N99: Y | U99: N | V99: N
A100: N | B100: 수집 | C100: bksp | D100: TBL_SFE_CLSF_SYSTM_CD_MNG | E100: LVB_SPCS_CNT | F100: 생물_종_수 | G100: 생물_종_수 | H100: 특징_분류_체계_코드_관리 | I100: =VLOOKUP(F100,표준용어사전!$B:$D,3,FALSE) -> #N/A | J100: NUMERIC | K100: 14 | L100: - | M100: 99999999999999 | N100: Y | U100: N | V100: N
...

Sheet 컬럼
A1: 사업범위 여부 | B1: 주제영역 | C1: schema | D1: 테이블 영문명 | E1: 컬럼 영문명 | F1: 컬럼 한글명 | G1: 컬럼 설명 | H1: 연관 엔터티명 | I1: 도메인명 | J1: 자료 타입 | K1: 자료 길이 | L1: 자료소수점길이 | M1: 자료 형식 | N1: NOT NULL 여부 | O1: PK정보 | P1: FK정보 | Q1: 인덱스명 | R1: 인덱스 순번 | S1: AK정보 | T1: 제약조건 | U1: 개인정보여부 | V1: 암호화 여부 | W1: 공개/비공개여부
A2: N | B2: 생물종 | C2: bksp | D2: TBL_BIOSPC_BSC | E2: EOL_ID | F2: EOL_아이디 | G2: EOL_아이디 | H2: 생물종_기본 | I2: =VLOOKUP(E2,표준용어사전!$C$2:$D$494, 2, FALSE) -> 명V20 | J2: VARCHAR | K2: 20 | L2: - | M2: 20자리 이내 문자 | N2: Y | O2: PK01 | U2: N | V2: N
A3: N | B3: 생물종 | C3: bksp | D3: TBL_BIOSPC_BSC | E3: EOL_CLSF_ID | F3: EOL_분류_아이디 | G3: EOL_분류_아이디 | H3: 생물종_기본 | I3: =VLOOKUP(E3,표준용어사전!$C$2:$D$494, 2, FALSE) -> 명V50 | J3: VARCHAR | K3: 50 | L3: - | M3: 50자리 이내 문자 | N3: N | U3: N | V3: N
A4: N | B4: 생물종 | C4: bksp | D4: TBL_BIOSPC_BSC | E4: EOL_UP_CLSF_ID | F4: EOL_상위_분류_아이디 | G4: EOL_상위_분류_아이디 | H4: 생물종_기본 | I4: =VLOOKUP(E4,표준용어사전!$C$2:$D$494, 2, FALSE) -> 명V50 | J4: VARCHAR | K4: 50 | L4: - | M4: 50자리 이내 문자 | N4: N | U4: N | V4: N
A5: N | B5: 생물종 | C5: bksp | D5: TBL_BIOSPC_BSC | E5: GBIF_MPNG_YN | F5: GBIF_매핑_여부 | G5: GBIF_매핑_여부 | H5: 생물종_기본 | I5: =VLOOKUP(E5,표준용어사전!$C$2:$D$494, 2, FALSE) -> 여부C1 | J5: CHAR | K5: 1 | L5: - | M5: 1자리 문자 | N5: N | U5: N | V5: N
A6: N | B6: 생물종 | C6: bksp | D6: TBL_BIOSPC_BSC | E6: GBIF_CLSF_ID | F6: GBIF_분류_아이디 | G6: GBIF_분류_아이디 | H6: 생물종_기본 | I6: =VLOOKUP(E6,표준용어사전!$C$2:$D$494, 2, FALSE) -> 명V50 | J6: VARCHAR | K6: 50 | L6: - | M6: 50자리 이내 문자 | N6: N | U6: N | V6: N
A7: N | B7: 생물종 | C7: bksp | D7: TBL_BIOSPC_BSC | E7: GBIF_SPCS_ID | F7: GBIF_종_아이디 | G7: GBIF_종_아이디 | H7: 생물종_기본 | I7: =VLOOKUP(E7,표준용어사전!$C$2:$D$494, 2, FALSE) -> 명V50 | J7: VARCHAR | K7: 50 | L7: - | M7: 50자리 이내 문자 | N7: N | U7: N | V7: N
A8: N | B8: 생물종 | C8: bksp | D8: TBL_BIOSPC_BSC | E8: GBIF_CLSF_GRD_NM | F8: GBIF_분류_등급_명 | G8: GBIF_분류_등급_명 | H8: 생물종_기본 | I8: =VLOOKUP(E8,표준용어사전!$C$2:$D$494, 2, FALSE) -> 명V80 | J8: VARCHAR | K8: 80 | L8: - | M8: 80자리 이내 문자 | N8: N | U8: N | V8: N
A9: N | B9: 생물종 | C9: bksp | D9: TBL_BIOSPC_BSC | E9: EOL_SPCS_TXNM_NM | F9: EOL_종_분류학_명 | G9: EOL_종_분류학_명 | H9: 생물종_기본 | I9: =VLOOKUP(E9,표준용어사전!$C$2:$D$494, 2, FALSE) -> 명V256 | J9: VARCHAR | K9: 256 | L9: - | M9: 256자리 이내 문자 | N9: N | U9: N | V9: N
A10: N | B10: 생물종 | C10: bksp | D10: TBL_BIOSPC_BSC | E10: EOL_SPCS_FRMLY_NM | F10: EOL_종_정식_명 | G10: EOL_종_정식_명 | H10: 생물종_기본 | I10: =VLOOKUP(E10,표준용어사전!$C$2:$D$494, 2, FALSE) -> 명V256 | J10: VARCHAR | K10: 256 | L10: - | M10: 256자리 이내 문자 | N10: N | U10: N | V10: N
A11: N | B11: 생물종 | C11: bksp | D11: TBL_BIOSPC_BSC | E11: DMST_SPCS_EXST_YN | F11: 국내_종_존재_여부 | G11: 국내_종_존재_여부 | H11: 생물종_기본 | I11: =VLOOKUP(E11,표준용어사전!$C$2:$D$494, 2, FALSE) -> 여부C1 | J11: CHAR | K11: 1 | L11: - | M11: 1자리 문자 | N11: N | U11: N | V11: N
A12: N | B12: 생물종 | C12: bksp | D12: TBL_BIOSPC_BSC | E12: ADW_EXST_YN | F12: 동물다양성웹_존재_여부 | G12: 동물다양성웹_존재_여부 | H12: 생물종_기본 | I12: =VLOOKUP(E12,표준용어사전!$C$2:$D$494, 2, FALSE) -> 여부C1 | J12: CHAR | K12: 1 | L12: - | M12: 1자리 문자 | N12: N | U12: N | V12: N
A13: N | B13: 생물종 | C13: bksp | D13: TBL_BIOSPC_BSC | E13: KDM_TXNM_SNTFNM | F13: 계_분류학_학명 | G13: 계_분류학_학명 | H13: 생물종_기본 | I13: =VLOOKUP(E13,표준용어사전!$C$2:$D$494, 2, FALSE) -> 학명V256 | J13: VARCHAR | K13: 256 | L13: - | M13: 256자리 이내 문자 | N13: N | U13: N | V13: N
A14: N | B14: 생물종 | C14: bksp | D14: TBL_BIOSPC_BSC | E14: KDM_TXNM_LCNM | F14: 계_분류학_국명 | G14: 계_분류학_국명 | H14: 생물종_기본 | I14: =VLOOKUP(E14,표준용어사전!$C$2:$D$494, 2, FALSE) -> 국명V256 | J14: VARCHAR | K14: 256 | L14: - | M14: 256자리 이내 문자 | N14: N | U14: N | V14: N
... A32: N | B32: 생물종 | C32: bksp | D32: TBL_BIOSPC_BSC | E32: SPCS_TXNM_LCNM | F32: 종_분류학_국명 | G32: 종_분류학_국명 | H32: 생물종_기본 | I32: =VLOOKUP(E32,표준용어사전!$C$2:$D$494, 2, FALSE) -> 국명V256 | J32: VARCHAR | K32: 256 | L32: - | M32: 256자리 이내 문자 | N32: N | U32: N | V32: N
A33: N | B33: 생물종 | C33: bksp | D33: TBL_BIOSPC_BSC | E33: EOL_CLSF_LYR_CN | F33: EOL_분류_계층_내용 | G33: EOL_분류_계층_내용 | H33: 생물종_기본 | I33: =VLOOKUP(E33,표준용어사전!$C$2:$D$494, 2, FALSE) -> 내용TXT | J33: TEXT | K33: - | L33: - | M33: 문자 | N33: N | U33: N | V33: N
A34: N | B34: 생물종 | C34: bksp | D34: TBL_BIOSPC_BSC | E34: EOL_LVB_NM_INDX_CMPTN_YN | F34: EOL_생물_명_색인_완료_여부 | G34: EOL_생물_명_색인_완료_여부 | H34: 생물종_기본 | I34: =VLOOKUP(E34,표준용어사전!$C$2:$D$494, 2, FALSE) -> 여부C1 | J34: CHAR | K34: 1 | L34: - | M34: 1자리 문자 | N34: N | U34: N | V34: N
A35: N | B35: 생물종 | C35: bksp | D35: TBL_BIOSPC_BSC | E35: REG_DT | F35: 등록_일시 | G35: 등록_일시 | H35: 생물종_기본 | I35: =VLOOKUP(E35,표준용어사전!$C$2:$D$494, 2, FALSE) -> 연월일시분초TS | J35: TIMESTAMP | K35: - | L35: - | M35: YYYYMMDDHH24MISS | N35: Y | U35: N | V35: N
A36: N | B36: 생물종 | C36: bksp | D36: TBL_BIOSPC_BSC | E36: REG_ID | F36: 등록_아이디 | G36: 등록_아이디 | H36: 생물종_기본 | I36: =VLOOKUP(E36,표준용어사전!$C$2:$D$494, 2, FALSE) -> 명V20 | J36: VARCHAR | K36: 20 | L36: - | M36: 20자리 이내 문자 | N36: N | U36: N | V36: N
A37: N | B37: 생물종 | C37: bksp | D37: TBL_BIOSPC_BSC | E37: MDFCN_DT | F37: 수정_일시 | G37: 수정_일시 | H37: 생물종_기본 | I37: =VLOOKUP(E37,표준용어사전!$C$2:$D$494, 2, FALSE) -> 연월일시분초TS | J37: TIMESTAMP | K37: - | L37: - | M37: YYYYMMDDHH24MISS | N37: N | U37: N | V37: N
A38: N | B38: 생물종 | C38: bksp | D38: TBL_BIOSPC_BSC | E38: MDFCN_ID | F38: 수정_아이디 | G38: 수정_아이디 | H38: 생물종_기본 | I38: =VLOOKUP(E38,표준용어사전!$C$2:$D$494, 2, FALSE) -> 명V20 | J38: VARCHAR | K38: 20 | L38: - | M38: 20자리 이내 문자 | N38: N | U38: N | V38: N
A39: N | B39: 생물종 | C39: bksp | D39: TBL_BIOSPC_RGN_LANG | E39: RGN_LANG_NO | F39: 지역_언어_번호 | G39: 지역_언어_번호 | H39: 생물종_지역_언어 | I39: =VLOOKUP(E39,표준용어사전!$C$2:$D$494, 2, FALSE) -> 번호I | J39: INT4 | K39: - | L39: - | M39: 0 이상의 정수 | N39: Y | O39: PK01 | U39: N | V39: N
A40: N | B40: 생물종 | C40: bksp | D40: TBL_BIOSPC_RGN_LANG | E40: EOL_ID | F40: EOL_아이디 | G40: EOL_아이디 | H40: 생물종_지역_언어 | I40: =VLOOKUP(E40,표준용어사전!$C$2:$D$494, 2, FALSE) -> 명V20 | J40: VARCHAR | K40: 20 | L40: - | M40: 20자리 이내 문자 | N40: Y | U40: N | V40: N
A41: N | B41: 생물종 | C41: bksp | D41: TBL_BIOSPC_RGN_LANG | E41: RGN_SE_CD | F41: 지역_구분_코드 | G41: 지역_구분_코드 | H41: 생물종_지역_언어 | I41: =VLOOKUP(E41,표준용어사전!$C$2:$D$494, 2, FALSE) -> 코드V50 | J41: VARCHAR | K41: 50 | L41: - | M41: 50자리 이내 문자 | N41: N | U41: N | V41: N
A42: N | B42: 생물종 | C42: bksp | D42: TBL_BIOSPC_RGN_LANG | E42: PRRTY_YN | F42: 우선_여부 | G42: 우선_여부 | H42: 생물종_지역_언어 | I42: =VLOOKUP(E42,표준용어사전!$C$2:$D$494, 2, FALSE) -> 여부C1 | J42: CHAR | K42: 1 | L42: - | M42: 1자리 문자 | N42: N | U42: N | V42: N
A43: N | B43: 생물종 | C43: bksp | D43: TBL_BIOSPC_RGN_LANG | E43: RGN_LANG_NM | F43: 지역_언어_명 | G43: 지역_언어_명 | H43: 생물종_지역_언어 | I43: =VLOOKUP(E43,표준용어사전!$C$2:$D$494, 2, FALSE) -> 명V256 | J43: VARCHAR | K43: 256 | L43: - | M43: 256자리 이내 문자 | N43: N | U43: N | V43: N
A44: N | B44: 생물종 | C44: bksp | D44: TBL_BIOSPC_RGN_LANG | E44: REG_DT | F44: 등록_일시 | G44: 등록_일시 | H44: 생물종_지역_언어 | I44: =VLOOKUP(E44,표준용어사전!$C$2:$D$494, 2, FALSE) -> 연월일시분초TS | J44: TIMESTAMP | K44: - | L44: - | M44: YYYYMMDDHH24MISS | N44: Y | U44: N | V44: N
A45: N | B45: 생물종 | C45: bksp | D45: TBL_BIOSPC_RGN_LANG | E45: REG_ID | F45: 등록_아이디 | G45: 등록_아이디 | H45: 생물종_지역_언어 | I45: =VLOOKUP(E45,표준용어사전!$C$2:$D$494, 2, FALSE) -> 명V20 | J45: VARCHAR | K45: 20 | L45: - | M45: 20자리 이내 문자 | N45: N | U45: N | V45: N
A46: N | B46: 생물종 | C46: bksp | D46: TBL_BIOSPC_RGN_LANG | E46: MDFCN_DT | F46: 수정_일시 | G46: 수정_일시 | H46: 생물종_지역_언어 | I46: =VLOOKUP(E46,표준용어사전!$C$2:$D$494, 2, FALSE) -> 연월일시분초TS | J46: TIMESTAMP | K46: - | L46: - | M46: YYYYMMDDHH24MISS | N46: N | U46: N | V46: N
A47: N | B47: 생물종 | C47: bksp | D47: TBL_BIOSPC_RGN_LANG | E47: MDFCN_ID | F47: 수정_아이디 | G47: 수정_아이디 | H47: 생물종_지역_언어 | I47: =VLOOKUP(E47,표준용어사전!$C$2:$D$494, 2, FALSE) -> 명V20 | J47: VARCHAR | K47: 20 | L47: - | M47: 20자리 이내 문자 | N47: N | U47: N | V47: N
A48: N | B48: 생물종 | C48: bksp | D48: TBL_BIOSPC_SNTFNM | E48: SNTFNM_NO | F48: 학명_번호 | G48: 학명_번호 | H48: 생물종_학명 | I48: =VLOOKUP(E48,표준용어사전!$C$2:$D$494, 2, FALSE) -> 번호I | J48: INT4 | K48: - | L48: - | M48: 0 이상의 정수 | N48: Y | O48: PK01 | U48: N | V48: N
A49: N | B49: 생물종 | C49: bksp | D49: TBL_BIOSPC_SNTFNM | E49: EOL_ID | F49: EOL_아이디 | G49: EOL_아이디 | H49: 생물종_학명 | I49: =VLOOKUP(E49,표준용어사전!$C$2:$D$494, 2, FALSE) -> 명V20 | J49: VARCHAR | K49: 20 | L49: - | M49: 20자리 이내 문자 | N49: Y | U49: N | V49: N
A50: N | B50: 생물종 | C50: bksp | D50: TBL_BIOSPC_SNTFNM | E50: CLCT_INST_SE_CD | F50: 수집_기관_구분_코드 | G50: 수집_기관_구분_코드 | H50: 생물종_학명 | I50: =VLOOKUP(E50,표준용어사전!$C$2:$D$494, 2, FALSE) -> 코드V50 | J50: VARCHAR | K50: 50 | L50: - | M50: 50자리 이내 문자 | N50: N | U50: N | V50: N
A51: N | B51: 생물종 | C51: bksp | D51: TBL_BIOSPC_SNTFNM | E51: SPCS_TXNM_SNTFNM | F51: 종_분류학_학명 | G51: 종_분류학_학명 | H51: 생물종_학명 | I51: =VLOOKUP(E51,표준용어사전!$C$2:$D$494, 2, FALSE) -> 학명V256 | J51: VARCHAR | K51: 256 | L51: - | M51: 256자리 이내 문자 | N51: N | U51: N | V51: N
A52: N | B52: 생물종 | C52: bksp | D52: TBL_BIOSPC_SNTFNM | E52: REG_DT | F52: 등록_일시 | G52: 등록_일시 | H52: 생물종_학명 | I52: =VLOOKUP(E52,표준용어사전!$C$2:$D$494, 2, FALSE) -> 연월일시분초TS | J52: TIMESTAMP | K52: - | L52: - | M52: YYYYMMDDHH24MISS | N52: Y | U52: N | V52: N
A53: N | B53: 생물종 | C53: bksp | D53: TBL_BIOSPC_SNTFNM | E53: REG_ID | F53: 등록_아이디 | G53: 등록_아이디 | H53: 생물종_학명 | I53: =VLOOKUP(E53,표준용어사전!$C$2:$D$494, 2, FALSE) -> 명V20 | J53: VARCHAR | K53: 20 | L53: - | M53: 20자리 이내 문자 | N53: N | U53: N | V53: N
A54: N | B54: 생물종 | C54: bksp | D54: TBL_BIOSPC_SNTFNM | E54: MDFCN_DT | F54: 수정_일시 | G54: 수정_일시 | H54: 생물종_학명 | I54: =VLOOKUP(E54,표준용어사전!$C$2:$D$494, 2, FALSE) -> 연월일시분초TS | J54: TIMESTAMP | K54: - | L54: - | M54: YYYYMMDDHH24MISS | N54: N | U54: N | V54: N
A55: N | B55: 생물종 | C55: bksp | D55: TBL_BIOSPC_SNTFNM | E55: MDFCN_ID | F55: 수정_아이디 | G55: 수정_아이디 | H55: 생물종_학명 | I55: =VLOOKUP(E55,표준용어사전!$C$2:$D$494, 2, FALSE) -> 명V20 | J55: VARCHAR | K55: 20 | L55: - | M55: 20자리 이내 문자 | N55: N | U55: N | V55: N
A56: N | B56: 생물종 | C56: bksp | D56: TBL_BIOSPC_SYNM | E56: SYNM_NO | F56: 동의어_번호 | G56: 동의어_번호 | H56: 생물종_동의어 | I56: =VLOOKUP(E56,표준용어사전!$C$2:$D$494, 2, FALSE) -> 번호I | J56: INT4 | K56: - | L56: - | M56: 0 이상의 정수 | N56: Y | O56: PK01 | U56: N | V56: N
A57: N | B57: 생물종 | C57: bksp | D57: TBL_BIOSPC_SYNM | E57: EOL_ID | F57: EOL_아이디 | G57: EOL_아이디 | H57: 생물종_동의어 | I57: =VLOOKUP(E57,표준용어사전!$C$2:$D$494, 2, FALSE) -> 명V20 | J57: VARCHAR | K57: 20 | L57: - | M57: 20자리 이내 문자 | N57: Y | U57: N | V57: N
A58: N | B58: 생물종 | C58: bksp | D58: TBL_BIOSPC_SYNM | E58: CLCT_INST_SE_CD | F58: 수집_기관_구분_코드 | G58: 수집_기관_구분_코드 | H58: 생물종_동의어 | I58: =VLOOKUP(E58,표준용어사전!$C$2:$D$494, 2, FALSE) -> 코드V50 | J58: VARCHAR | K58: 50 | L58: - | M58: 50자리 이내 문자 | N58: N | U58: N | V58: N
A59: N | B59: 생물종 | C59: bksp | D59: TBL_BIOSPC_SYNM | E59: SYNM_NM | F59: 동의어_명 | G59: 동의어_명 | H59: 생물종_동의어 | I59: =VLOOKUP(E59,표준용어사전!$C$2:$D$494, 2, FALSE) -> 명V512 | J59: VARCHAR | K59: 512 | L59: - | M59: 512자리 이내 문자 | N59: N | U59: N | V59: N
A60: N | B60: 생물종 | C60: bksp | D60: TBL_BIOSPC_SYNM | E60: REG_DT | F60: 등록_일시 | G60: 등록_일시 | H60: 생물종_동의어 | I60: =VLOOKUP(E60,표준용어사전!$C$2:$D$494, 2, FALSE) -> 연월일시분초TS | J60: TIMESTAMP | K60: - | L60: - | M60: YYYYMMDDHH24MISS | N60: Y | U60: N | V60: N
A61: N | B61: 생물종 | C61: bksp | D61: TBL_BIOSPC_SYNM | E61: REG_ID | F61: 등록_아이디 | G61: 등록_아이디 | H61: 생물종_동의어 | I61: =VLOOKUP(E61,표준용어사전!$C$2:$D$494, 2, FALSE) -> 명V20 | J61: VARCHAR | K61: 20 | L61: - | M61: 20자리 이내 문자 | N61: N | U61: N | V61: N
A62: N | B62: 생물종 | C62: bksp | D62: TBL_BIOSPC_SYNM | E62: MDFCN_DT | F62: 수정_일시 | G62: 수정_일시 | H62: 생물종_동의어 | I62: =VLOOKUP(E62,표준용어사전!$C$2:$D$494, 2, FALSE) -> 연월일시분초TS | J62: TIMESTAMP | K62: - | L62: - | M62: YYYYMMDDHH24MISS | N62: N | U62: N | V62: N
A63: N | B63: 생물종 | C63: bksp | D63: TBL_BIOSPC_SYNM | E63: MDFCN_ID | F63: 수정_아이디 | G63: 수정_아이디 | H63: 생물종_동의어 | I63: =VLOOKUP(E63,표준용어사전!$C$2:$D$494, 2, FALSE) -> 명V20 | J63: VARCHAR | K63: 20 | L63: - | M63: 20자리 이내 문자 | N63: N | U63: N | V63: N
A64: Y | B64: 수집 | C64: bksp | D64: TBL_CLCT_DATA_MNG | E64: EOL_ID | F64: EOL_아이디 | G64: EOL_아이디 | H64: 수집_자료_관리 | I64: =VLOOKUP(E64,표준용어사전!$C$2:$D$494, 2, FALSE) -> 명V20 | J64: VARCHAR | K64: 20 | L64: - | M64: 20자리 이내 문자 | N64: Y | O64: PK01 | U64: N | V64: N
A65: Y | B65: 수집 | C65: bksp | D65: TBL_CLCT_DATA_MNG | E65: EOL_LVB_NM_CLCT_YN | F65: EOL_생물_명_수집_여부 | G65: EOL_생물_명_수집_여부 | H65: 수집_자료_관리 | I65: =VLOOKUP(E65,표준용어사전!$C$2:$D$494, 2, FALSE) -> 여부C1 | J65: CHAR | K65: 1 | L65: - | M65: 1자리 문자 | N65: N | U65: N | V65: N
A66: Y | B66: 수집 | C66: bksp | D66: TBL_CLCT_DATA_MNG | E66: EOL_LVB_NM_SNTFNM_LAST_CLCT_DT | F66: EOL_생물_명_학명_최종_수집_일시 | G66: EOL_생물_명_학명_최종_수집_일시 | H66: 수집_자료_관리 | I66: =VLOOKUP(E66,표준용어사전!$C$2:$D$494, 2, FALSE) -> 연월일시분초TS | J66: TIMESTAMP | K66: - | L66: - | M66: YYYYMMDDHH24MISS | N66: N | U66: N | V66: N
A67: Y | B67: 수집 | C67: bksp | D67: TBL_CLCT_DATA_MNG | E67: EOL_LVB_NM_SNTFNM_CLCT_SCS_NOCS | F67: EOL_생물_명_학명_수집_성공_건수 | G67: EOL_생물_명_학명_수집_성공_건수 | H67: 수집_자료_관리 | I67: =VLOOKUP(E67,표준용어사전!$C$2:$D$494, 2, FALSE) -> 수N14 | J67: NUMERIC | K67: 14 | L67: - | M67: 99999999999999 | N67: N | U67: N | V67: N
A68: Y | B68: 수집 | C68: bksp | D68: TBL_CLCT_DATA_MNG | E68: EOL_LVB_NM_SNTFNM_CLCT_ERR_NOCS | F68: EOL_생물_명_학명_수집_오류_건수 | G68: EOL_생물_명_학명_수집_오류_건수 | H68: 수집_자료_관리 | I68: =VLOOKUP(E68,표준용어사전!$C$2:$D$494, 2, FALSE) -> 수N14 | J68: NUMERIC | K68: 14 | L68: - | M68: 99999999999999 | N68: N | U68: N | V68: N
A69: Y | B69: 수집 | C69: bksp | D69: TBL_CLCT_DATA_MNG | E69: EOL_LVB_NM_SYNM_LAST_CLCT_DT | F69: EOL_생물_명_동의어_최종_수집_일시 | G69: EOL_생물_명_동의어_최종_수집_일시 | H69: 수집_자료_관리 | I69: =VLOOKUP(E69,표준용어사전!$C$2:$D$494, 2, FALSE) -> 연월일시분초TS | J69: TIMESTAMP | K69: - | L69: - | M69: YYYYMMDDHH24MISS | N69: N | U69: N | V69: N
A70: Y | B70: 수집 | C70: bksp | D70: TBL_CLCT_DATA_MNG | E70: EOL_LVB_NM_SYNM_CLCT_SCS_NOCS | F70: EOL_생물_명_동의어_수집_성공_건수 | G70: EOL_생물_명_동의어_수집_성공_건수 | H70: 수집_자료_관리 | I70: =VLOOKUP(E70,표준용어사전!$C$2:$D$494, 2, FALSE) -> 수N14 | J70: NUMERIC | K70: 14 | L70: - | M70: 99999999999999 | N70: N | U70: N | V70: N
A71: Y | B71: 수집 | C71: bksp | D71: TBL_CLCT_DATA_MNG | E71: EOL_LVB_NM_SYNM_CLCT_ERR_NOCS | F71: EOL_생물_명_동의어_수집_오류_건수 | G71: EOL_생물_명_동의어_수집_오류_건수 | H71: 수집_자료_관리 | I71: =VLOOKUP(E71,표준용어사전!$C$2:$D$494, 2, FALSE) -> 수N14 | J71: NUMERIC | K71: 14 | L71: - | M71: 99999999999999 | N71: N | U71: N | V71: N
A72: Y | B72: 수집 | C72: bksp | D72: TBL_CLCT_DATA_MNG | E72: EOL_LVB_NM_RGN_LANG_LAST_CLCT_DT | F72: EOL_생물_명_지역_언어_최종_수집_일시 | G72: EOL_생물_명_지역_언어_최종_수집_일시 | H72: 수집_자료_관리 | I72: =VLOOKUP(E72,표준용어사전!$C$2:$D$494, 2, FALSE) -> 연월일시분초TS | J72: TIMESTAMP | K72: - | L72: - | M72: YYYYMMDDHH24MISS | N72: N | U72: N | V72: N
A73: Y | B73: 수집 | C73: bksp | D73: TBL_CLCT_DATA_MNG | E73: EOL_LVB_NM_RGN_LANG_CLCT_SCS_NOCS | F73: EOL_생물_명_지역_언어_수집_성공_건수 | G73: EOL_생물_명_지역_언어_수집_성공_건수 | H73: 수집_자료_관리 | I73: =VLOOKUP(E73,표준용어사전!$C$2:$D$494, 2, FALSE) -> 수N14 | J73: NUMERIC | K73: 14 | L73: - | M73: 99999999999999 | N73: N | U73: N | V73: N
A74: Y | B74: 수집 | C74: bksp | D74: TBL_CLCT_DATA_MNG | E74: EOL_LVB_NM_RGN_LANG_CLCT_ERR_NOCS | F74: EOL_생물_명_지역_언어_수집_오류_건수 | G74: EOL_생물_명_지역_언어_수집_오류_건수 | H74: 수집_자료_관리 | I74: =VLOOKUP(E74,표준용어사전!$C$2:$D$494, 2, FALSE) -> 수N14 | J74: NUMERIC | K74: 14 | L74: - | M74: 99999999999999 | N74: N | U74: N | V74: N
A75: Y | B75: 수집 | C75: bksp | D75: TBL_CLCT_DATA_MNG | E75: EOL_LVB_SFE_CLCT_YN | F75: EOL_생물_특징_수집_여부 | G75: EOL_생물_특징_수집_여부 | H75: 수집_자료_관리 | I75: =VLOOKUP(E75,표준용어사전!$C$2:$D$494, 2, FALSE) -> 여부C1 | J75: CHAR | K75: 1 | L75: - | M75: 1자리 문자 | N75: N | U75: N | V75: N
A76: Y | B76: 수집 | C76: bksp | D76: TBL_CLCT_DATA_MNG | E76: EOL_LVB_SFE_LAST_CLCT_DT | F76: EOL_생물_특징_최종_수집_일시 | G76: EOL_생물_특징_최종_수집_일시 | H76: 수집_자료_관리 | I76: =VLOOKUP(E76,표준용어사전!$C$2:$D$494, 2, FALSE) -> 연월일시분초TS | J76: TIMESTAMP | K76: - | L76: - | M76: YYYYMMDDHH24MISS | N76: N | U76: N | V76: N
A77: Y | B77: 수집 | C77: bksp | D77: TBL_CLCT_DATA_MNG | E77: EOL_LVB_SFE_CLCT_SCS_NOCS | F77: EOL_생물_특징_수집_성공_건수 | G77: EOL_생물_특징_수집_성공_건수 | H77: 수집_자료_관리 | I77: =VLOOKUP(E77,표준용어사전!$C$2:$D$494, 2, FALSE) -> 수N14 | J77: NUMERIC | K77: 14 | L77: - | M77: 99999999999999 | N77: N | U77: N | V77: N
A78: Y | B78: 수집 | C78: bksp | D78: TBL_CLCT_DATA_MNG | E78: EOL_LVB_SFE_CLCT_ERR_NOCS | F78: EOL_생물_특징_수집_오류_건수 | G78: EOL_생물_특징_수집_오류_건수 | H78: 수집_자료_관리 | I78: =VLOOKUP(E78,표준용어사전!$C$2:$D$494, 2, FALSE) -> 수N14 | J78: NUMERIC | K78: 14 | L78: - | M78: 99999999999999 | N78: N | U78: N | V78: N
A79: Y | B79: 수집 | C79: bksp | D79: TBL_CLCT_DATA_MNG | E79: EOL_LVB_MEDIA_CLCT_YN | F79: EOL_생물_매체_수집_여부 | G79: EOL_생물_매체_수집_여부 | H79: 수집_자료_관리 | I79: =VLOOKUP(E79,표준용어사전!$C$2:$D$494, 2, FALSE) -> 여부C1 | J79: CHAR | K79: 1 | L79: - | M79: 1자리 문자 | N79: N | U79: N | V79: N
A80: Y | B80: 수집 | C80: bksp | D80: TBL_CLCT_DATA_MNG | E80: EOL_LVB_MEDIA_LAST_CLCT_DT | F80: EOL_생물_매체_최종_수집_일시 | G80: EOL_생물_매체_최종_수집_일시 | H80: 수집_자료_관리 | I80: =VLOOKUP(E80,표준용어사전!$C$2:$D$494, 2, FALSE) -> 연월일시분초TS | J80: TIMESTAMP | K80: - | L80: - | M80: YYYYMMDDHH24MISS | N80: N | U80: N | V80: N
A81: Y | B81: 수집 | C81: bksp | D81: TBL_CLCT_DATA_MNG | E81: EOL_LVB_MEDIA_CLCT_SCS_NOCS | F81: EOL_생물_매체_수집_성공_건수 | G81: EOL_생물_매체_수집_성공_건수 | H81: 수집_자료_관리 | I81: =VLOOKUP(E81,표준용어사전!$C$2:$D$494, 2, FALSE) -> 수N14 | J81: NUMERIC | K81: 14 | L81: - | M81: 99999999999999 | N81: N | U81: N | V81: N
A82: Y | B82: 수집 | C82: bksp | D82: TBL_CLCT_DATA_MNG | E82: EOL_LVB_MEDIA_CLCT_ERR_NOCS | F82: EOL_생물_매체_수집_오류_건수 | G82: EOL_생물_매체_수집_오류_건수 | H82: 수집_자료_관리 | I82: =VLOOKUP(E82,표준용어사전!$C$2:$D$494, 2, FALSE) -> 수N14 | J82: NUMERIC | K82: 14 | L82: - | M82: 99999999999999 | N82: N | U82: N | V82: N
A83: Y | B83: 수집 | C83: bksp | D83: TBL_CLCT_DATA_MNG | E83: GBIF_SPCE_INFO_CLCT_YN | F83: GBIF_공간_정보_수집_여부 | G83: GBIF_공간_정보_수집_여부 | H83: 수집_자료_관리 | I83: =VLOOKUP(E83,표준용어사전!$C$2:$D$494, 2, FALSE) -> 여부C1 | J83: CHAR | K83: 1 | L83: - | M83: 1자리 문자 | N83: N | U83: N | V83: N
A84: Y | B84: 수집 | C84: bksp | D84: TBL_CLCT_DATA_MNG | E84: GBIF_SPCE_INFO_LAST_CLCT_DT | F84: GBIF_공간_정보_최종_수집_일시 | G84: GBIF_공간_정보_최종_수집_일시 | H84: 수집_자료_관리 | I84: =VLOOKUP(E84,표준용어사전!$C$2:$D$494, 2, FALSE) -> 연월일시분초TS | J84: TIMESTAMP | K84: - | L84: - | M84: YYYYMMDDHH24MISS | N84: N | U84: N | V84: N
A85: Y | B85: 수집 | C85: bksp | D85: TBL_CLCT_DATA_MNG | E85: GBIF_SPCE_INFO_CLCT_SCS_NOCS | F85: GBIF_공간_정보_수집_성공_건수 | G85: GBIF_공간_정보_수집_성공_건수 | H85: 수집_자료_관리 | I85: =VLOOKUP(E85,표준용어사전!$C$2:$D$494, 2, FALSE) -> 수N14 | J85: NUMERIC | K85: 14 | L85: - | M85: 99999999999999 | N85: N | U85: N | V85: N
A86: Y | B86: 수집 | C86: bksp | D86: TBL_CLCT_DATA_MNG | E86: GBIF_SPCE_INFO_CLCT_ERR_NOCS | F86: GBIF_공간_정보_수집_오류_건수 | G86: GBIF_공간_정보_수집_오류_건수 | H86: 수집_자료_관리 | I86: =VLOOKUP(E86,표준용어사전!$C$2:$D$494, 2, FALSE) -> 수N14 | J86: NUMERIC | K86: 14 | L86: - | M86: 99999999999999 | N86: N | U86: N | V86: N
A87: Y | B87: 수집 | C87: bksp | D87: TBL_CLCT_DATA_MNG | E87: NCBI_ACJRNL_CLCT_YN | F87: NCBI_학술지_수집_여부 | G87: NCBI_학술지_수집_여부 | H87: 수집_자료_관리 | I87: =VLOOKUP(E87,표준용어사전!$C$2:$D$494, 2, FALSE) -> 여부C1 | J87: CHAR | K87: 1 | L87: - | M87: 1자리 문자 | N87: N | U87: N | V87: N
A88: Y | B88: 수집 | C88: bksp | D88: TBL_CLCT_DATA_MNG | E88: NCBI_ACJRNL_LAST_CLCT_DT | F88: NCBI_학술지_최종_수집_일시 | G88: NCBI_학술지_최종_수집_일시 | H88: 수집_자료_관리 | I88: =VLOOKUP(E88,표준용어사전!$C$2:$D$494, 2, FALSE) -> 연월일시분초TS | J88: TIMESTAMP | K88: - | L88: - | M88: YYYYMMDDHH24MISS | N88: N | U88: N | V88: N
A89: Y | B89: 수집 | C89: bksp | D89: TBL_CLCT_DATA_MNG | E89: NCBI_ACJRNL_CLCT_SCS_NOCS | F89: NCBI_학술지_수집_성공_건수 | G89: NCBI_학술지_수집_성공_건수 | H89: 수집_자료_관리 | I89: =VLOOKUP(E89,표준용어사전!$C$2:$D$494, 2, FALSE) -> 수N14 | J89: NUMERIC | K89: 14 | L89: - | M89: 99999999999999 | N89: N | U89: N | V89: N
A90: Y | B90: 수집 | C90: bksp | D90: TBL_CLCT_DATA_MNG | E90: NCBI_ACJRNL_CLCT_ERR_NOCS | F90: NCBI_학술지_수집_오류_건수 | G90: NCBI_학술지_수집_오류_건수 | H90: 수집_자료_관리 | I90: =VLOOKUP(E90,표준용어사전!$C$2:$D$494, 2, FALSE) -> 수N14 | J90: NUMERIC | K90: 14 | L90: - | M90: 99999999999999 | N90: N | U90: N | V90: N
A91: Y | B91: 수집 | C91: bksp | D91: TBL_CLCT_DATA_MNG | E91: GGL_PTNT_CLCT_YN | F91: 구글_특허_수집_여부 | G91: 구글_특허_수집_여부 | H91: 수집_자료_관리 | I91: =VLOOKUP(E91,표준용어사전!$C$2:$D$494, 2, FALSE) -> 여부C1 | J91: CHAR | K91: 1 | L91: - | M91: 1자리 문자 | N91: N | U91: N | V91: N
A92: Y | B92: 수집 | C92: bksp | D92: TBL_CLCT_DATA_MNG | E92: GGL_PTNT_LAST_CLCT_DT | F92: 구글_특허_최종_수집_일시 | G92: 구글_특허_최종_수집_일시 | H92: 수집_자료_관리 | I92: =VLOOKUP(E92,표준용어사전!$C$2:$D$494, 2, FALSE) -> 연월일시분초TS | J92: TIMESTAMP | K92: - | L92: - | M92: YYYYMMDDHH24MISS | N92: N | U92: N | V92: N
A93: Y | B93: 수집 | C93: bksp | D93: TBL_CLCT_DATA_MNG | E93: GGL_PTNT_CLCT_SCS_NOCS | F93: 구글_특허_수집_성공_건수 | G93: 구글_특허_수집_성공_건수 | H93: 수집_자료_관리 | I93: =VLOOKUP(E93,표준용어사전!$C$2:$D$494, 2, FALSE) -> 수N14 | J93: NUMERIC | K93: 14 | L93: - | M93: 99999999999999 | N93: N | U93: N | V93: N
A94: Y | B94: 수집 | C94: bksp | D94: TBL_CLCT_DATA_MNG | E94: GGL_PTNT_CLCT_ERR_NOCS | F94: 구글_특허_수집_오류_건수 | G94: 구글_특허_수집_오류_건수 | H94: 수집_자료_관리 | I94: =VLOOKUP(E94,표준용어사전!$C$2:$D$494, 2, FALSE) -> 수N14 | J94: NUMERIC | K94: 14 | L94: - | M94: 99999999999999 | N94: N | U94: N | V94: N
A95: Y | B95: 수집 | C95: bksp | D95: TBL_CLCT_DATA_MNG | E95: KISTI_ACJRNL_CLCT_YN | F95: KISTI_학술지_수집_여부 | G95: KISTI_학술지_수집_여부 | H95: 수집_자료_관리 | I95: =VLOOKUP(E95,표준용어사전!$C$2:$D$494, 2, FALSE) -> 여부C1 | J95: CHAR | K95: 1 | L95: - | M95: 1자리 문자 | N95: N | U95: N | V95: N
A96: Y | B96: 수집 | C96: bksp | D96: TBL_CLCT_DATA_MNG | E96: KISTI_ACJRNL_LAST_CLCT_DT | F96: KISTI_학술지_최종_수집_일시 | G96: KISTI_학술지_최종_수집_일시 | H96: 수집_자료_관리 | I96: =VLOOKUP(E96,표준용어사전!$C$2:$D$494, 2, FALSE) -> 연월일시분초TS | J96: TIMESTAMP | K96: - | L96: - | M96: YYYYMMDDHH24MISS | N96: N | U96: N | V96: N
A97: Y | B97: 수집 | C97: bksp | D97: TBL_CLCT_DATA_MNG | E97: KISTI_ACJRNL_CLCT_SCS_NOCS | F97: KISTI_학술지_수집_성공_건수 | G97: KISTI_학술지_수집_성공_건수 | H97: 수집_자료_관리 | I97: =VLOOKUP(E97,표준용어사전!$C$2:$D$494, 2, FALSE) -> 수N14 | J97: NUMERIC | K97: 14 | L97: - | M97: 99999999999999 | N97: N | U97: N | V97: N
A98: Y | B98: 수집 | C98: bksp | D98: TBL_CLCT_DATA_MNG | E98: KISTI_ACJRNL_CLCT_ERR_NOCS | F98: KISTI_학술지_수집_오류_건수 | G98: KISTI_학술지_수집_오류_건수 | H98: 수집_자료_관리 | I98: =VLOOKUP(E98,표준용어사전!$C$2:$D$494, 2, FALSE) -> 수N14 | J98: NUMERIC | K98: 14 | L98: - | M98: 99999999999999 | N98: N | U98: N | V98: N
A99: Y | B99: 수집 | C99: bksp | D99: TBL_CLCT_DATA_MNG | E99: KIPRIS_PTNT_CLCT_YN | F99: KIPRIS_특허_수집_여부 | G99: KIPRIS_특허_수집_여부 | H99: 수집_자료_관리 | I99: =VLOOKUP(E99,표준용어사전!$C$2:$D$494, 2, FALSE) -> 여부C1 | J99: CHAR | K99: 1 | L99: - | M99: 1자리 문자 | N99: N | U99: N | V99: N
A100: Y | B100: 수집 | C100: bksp | D100: TBL_CLCT_DATA_MNG | E100: KIPRIS_PTNT_LAST_CLCT_DT | F100: KIPRIS_특허_최종_수집_일시 | G100: KIPRIS_특허_최종_수집_일시 | H100: 수집_자료_관리 | I100: =VLOOKUP(E100,표준용어사전!$C$2:$D$494, 2, FALSE) -> 연월일시분초TS | J100: TIMESTAMP | K100: - | L100: - | M100: YYYYMMDDHH24MISS | N100: N | U100: N | V100: N
A101: Y | B101: 수집 | C101: bksp | D101: TBL_CLCT_DATA_MNG | E101: KIPRIS_PTNT_CLCT_SCS_NOCS | F101: KIPRIS_특허_수집_성공_건수 | G101: KIPRIS_특허_수집_성공_건수 | H101: 수집_자료_관리 | I101: =VLOOKUP(E101,표준용어사전!$C$2:$D$494, 2, FALSE) -> 수N14 | J101: NUMERIC | K101: 14 | L101: - | M101: 99999999999999 | N101: N | U101: N | V101: N
A102: Y | B102: 수집 | C102: bksp | D102: TBL_CLCT_DATA_MNG | E102: KIPRIS_PTNT_CLCT_ERR_NOCS | F102: KIPRIS_특허_수집_오류_건수 | G102: KIPRIS_특허_수집_오류_건수 | H102: 수집_자료_관리 | I102: =VLOOKUP(E102,표준용어사전!$C$2:$D$494, 2, FALSE) -> 수N14 | J102: NUMERIC | K102: 14 | L102: - | M102: 99999999999999 | N102: N | U102: N | V102: N
A103: Y | B103: 수집 | C103: bksp | D103: TBL_CLCT_DATA_MNG | E103: KCI_ACJRNL_CLCT_YN | F103: KCI_학술지_수집_여부 | G103: KCI_학술지_수집_여부 | H103: 수집_자료_관리 | I103: =VLOOKUP(E103,표준용어사전!$C$2:$D$494, 2, FALSE) -> 여부C1 | J103: CHAR | K103: 1 | L103: - | M103: 1자리 문자 | N103: N | U103: N | V103: N
A104: Y | B104: 수집 | C104: bksp | D104: TBL_CLCT_DATA_MNG | E104: KCI_ACJRNL_LAST_CLCT_DT | F104: KCI_학술지_최종_수집_일시 | G104: KCI_학술지_최종_수집_일시 | H104: 수집_자료_관리 | I104: =VLOOKUP(E104,표준용어사전!$C$2:$D$494, 2, FALSE) -> 연월일시분초TS | J104: TIMESTAMP | K104: - | L104: - | M104: YYYYMMDDHH24MISS | N104: N | U104: N | V104: N
A105: Y | B105: 수집 | C105: bksp | D105: TBL_CLCT_DATA_MNG | E105: KCI_ACJRNL_CLCT_SCS_NOCS | F105: KCI_학술지_수집_성공_건수 | G105: KCI_학술지_수집_성공_건수 | H105: 수집_자료_관리 | I105: =VLOOKUP(E105,표준용어사전!$C$2:$D$494, 2, FALSE) -> 수N14 | J105: NUMERIC | K105: 14 | L105: - | M105: 99999999999999 | N105: N | U105: N | V105: N
A106: Y | B106: 수집 | C106: bksp | D106: TBL_CLCT_DATA_MNG | E106: KCI_ACJRNL_CLCT_ERR_NOCS | F106: KCI_학술지_수집_오류_건수 | G106: KCI_학술지_수집_오류_건수 | H106: 수집_자료_관리 | I106: =VLOOKUP(E106,표준용어사전!$C$2:$D$494, 2, FALSE) -> 수N14 | J106: NUMERIC | K106: 14 | L106: - | M106: 99999999999999 | N106: N | U106: N | V106: N
A107: Y | B107: 수집 | C107: bksp | D107: TBL_CLCT_DATA_MNG | E107: REG_DT | F107: 등록_일시 | G107: 등록_일시 | H107: 수집_자료_관리 | I107: =VLOOKUP(E107,표준용어사전!$C$2:$D$494, 2, FALSE) -> 연월일시분초TS | J107: TIMESTAMP | K107: - | L107: - | M107: YYYYMMDDHH24MISS | N107: Y | U107: N | V107: N
A108: Y | B108: 수집 | C108: bksp | D108: TBL_CLCT_DATA_MNG | E108: REG_ID | F108: 등록_아이디 | G108: 등록_아이디 | H108: 수집_자료_관리 | I108: =VLOOKUP(E108,표준용어사전!$C$2:$D$494, 2, FALSE) -> 명V20 | J108: VARCHAR | K108: 20 | L108: - | M108: 20자리 이내 문자 | N108: N | U108: N | V108: N
A109: Y | B109: 수집 | C109: bksp | D109: TBL_CLCT_DATA_MNG | E109: MDFCN_DT | F109: 수정_일시 | G109: 수정_일시 | H109: 수집_자료_관리 | I109: =VLOOKUP(E109,표준용어사전!$C$2:$D$494, 2, FALSE) -> 연월일시분초TS | J109: TIMESTAMP | K109: - | L109: - | M109: YYYYMMDDHH24MISS | N109: N | U109: N | V109: N
A110: Y | B110: 수집 | C110: bksp | D110: TBL_CLCT_DATA_MNG | E110: MDFCN_ID | F110: 수정_아이디 | G110: 수정_아이디 | H110: 수집_자료_관리 | I110: =VLOOKUP(E110,표준용어사전!$C$2:$D$494, 2, FALSE) -> 명V20 | J110: VARCHAR | K110: 20 | L110: - | M110: 20자리 이내 문자 | N110: N | U110: N | V110: N
A111: N | B111: 기능 | C111: bksp | D111: TBL_CLCT_DATA_VRFC_MNG | E111: CLCT_DATA_VRFC_ID | F111: 수집_자료_검증_아이디 | G111: 수집_자료_검증_아이디 | H111: 수집_자료_검증_관리 | I111: =VLOOKUP(E111,표준용어사전!$C$2:$D$494, 2, FALSE) -> 명V20 | J111: VARCHAR | K111: 20 | L111: - | M111: 20자리 이내 문자 | N111: Y | O111: PK01 | U111: N | V111: N
A112: N | B112: 기능 | C112: bksp | D112: TBL_CLCT_DATA_VRFC_MNG | E112: CLCT_DATA_VRFC_RSLT_CD | F112: 수집_자료_검증_결과_코드 | G112: 수집_자료_검증_결과_코드 | H112: 수집_자료_검증_관리 | I112: =VLOOKUP(E112,표준용어사전!$C$2:$D$494, 2, FALSE) -> 코드C3 | J112: CHAR | K112: 3 | L112: - | M112: 3자리 문자 | N112: N | U112: N | V112: N
A113: N | B113: 기능 | C113: bksp | D113: TBL_CLCT_DATA_VRFC_MNG | E113: CLCT_DATA_ICPT_RSN_CD | F113: 수집_자료_부적합_사유_코드 | G113: 수집_자료_부적합_사유_코드 | H113: 수집_자료_검증_관리 | I113: =VLOOKUP(E113,표준용어사전!$C$2:$D$494, 2, FALSE) -> 코드V50 | J113: VARCHAR | K113: 50 | L113: - | M113: 50자리 이내 문자 | N113: N | U113: N | V113: N
A114: N | B114: 기능 | C114: bksp | D114: TBL_CLCT_DATA_VRFC_MNG | E114: CLCT_DATA_ICPT_RSN_CN | F114: 수집_자료_부적합_사유_내용 | G114: 수집_자료_부적합_사유_내용 | H114: 수집_자료_검증_관리 | I114: =VLOOKUP(E114,표준용어사전!$C$2:$D$494, 2, FALSE) -> 내용V2000 | J114: VARCHAR | K114: 2000 | L114: - | M114: 2000자리 이내 문자 | N114: N | U114: N | V114: N
A115: N | B115: 기능 | C115: bksp | D115: TBL_CLCT_DATA_VRFC_MNG | E115: CLCT_DATA_CLSF_CD | F115: 수집_자료_분류_코드 | G115: 수집_자료_분류_코드 | H115: 수집_자료_검증_관리 | I115: =VLOOKUP(E115,표준용어사전!$C$2:$D$494, 2, FALSE) -> 코드C4 | J115: CHAR | K115: 4 | L115: - | M115: 4자리 문자 | N115: N | U115: N | V115: N
A116: N | B116: 기능 | C116: bksp | D116: TBL_CLCT_DATA_VRFC_MNG | E116: CLCT_DATA_TTL | F116: 수집_자료_제목 | G116: 수집_자료_제목 | H116: 수집_자료_검증_관리 | I116: =VLOOKUP(E116,표준용어사전!$C$2:$D$494, 2, FALSE) -> 명V512 | J116: VARCHAR | K116: 512 | L116: - | M116: 512자리 이내 문자 | N116: N | U116: N | V116: N
A117: N | B117: 기능 | C117: bksp | D117: TBL_CLCT_DATA_VRFC_MNG | E117: EOL_ID | F117: EOL_아이디 | G117: EOL_아이디 | H117: 수집_자료_검증_관리 | I117: =VLOOKUP(E117,표준용어사전!$C$2:$D$494, 2, FALSE) -> 명V20 | J117: VARCHAR | K117: 20 | L117: - | M117: 20자리 이내 문자 | N117: N | U117: N | V117: N
...

Sheet 작성지침
A1: 항목 | B1: 설명 | C1: 구분
A2: 테이블 영문명 | B2: ○ 해당 컬럼이 소속된 테이블의 이름(영문명) | C2: 표준
A3: 컬럼 영문명 | B3: ○ 컬럼의 물리적 영문 이름으로 ‘표준용어정의서’에 등록된 용어를 사용 | C3: 표준
A4: 컬럼 한글명 | B4: ○ 해당 컬럼과 연관되는 속성의 이름과 동일하게 부여하며, 표준용어를 준수하여 부여할 컬럼 한글 명칭 | C4: 표준
A5: 컬럼 설명 | B5: ○ 컬럼에 대한 이해를 돕기 위하여 필요한 부가적인 설명 및 예외 사항 등을 기입 | C5: 표준
A6: 연관 엔터티명 | B6: ○ 해당 컬럼이 표현하는 논리적 데이터요소인 ‘엔터티명’을 기술 ○ ‘엔터티정의서’에 기록한 ‘엔터티명’으로 기술 | C6: 표준
A7: 연관 속성명 | B7: ○ 해당 컬럼이 표현하는 논리적 데이터요소인 ‘속성명’을 기술 ○ ‘속성정의서’에 기록한 ‘속성명’으로 기술 | C7: 표준
A8: 데이터 타입 | B8: ○ 컬럼 값의 물리적 표현 방식으로 DBMS 종속적인 데이터타입의 이름을 그대로 기록 | C8: 표준
A9: 데이터 길이 | B9: ○ ‘도메인정의서’의 ‘길이’를 기술 - ‘도메인정의서’에 없는 경우, 해당 컬럼의 값을 표현하기 위한 데이터의 길이로, DDL문에서 지정될 데이터 길이를 DBMS 종속적인 표현으로 기술 (DATE 타입과 같이 길이가 필요 없는 경우 생략) | C9: 표준
A10: 데이터소수점길이 | B10: ○ ‘도메인정의서’의 ‘데이터소수점길이’를 기술 - ‘도메인정의서’에 없는 경우, 해당 컬럼의 값을 표현하기 위한 데이터의 길이로, DDL문에서 지정될 데이터 길이를 DBMS 종속적인 표현으로 기술 (DATE 타입과 같이 길이가 필요 없는 경우 생략) | C10: 표준
A11: 데이터 형식 | B11: ○ 컬럼 값의 데이터 형식(혹은 샘플값) 기술 (예: 컬럼 값의 데이터 형식이 날짜인 경우, ‘yyyy-mm -dd’ 등 실제 데이터베이스에 저장되는 형식 기술) | C11: 표준
A12: Not Null 여부 | B12: ○ 데이터가 생성(Insert)되는 시점에 컬럼 값이 반드시 존재해야 하는지를 표시 - 값의 표시 : "Y" - Nullable, "N" - Not Null | C12: 표준
... A22: 공개/비공개 여부 | B22: ○ 해당 컬럼의 메타데이터 및 원천데이터 정보에 대한 공개 또는 비공개 여부(비공개의 경우 비공개 사유 기술) | C22: 표준

Sheet 표준용어사전
A1: No | B1: 용어명 | C1: 칼럼명 | D1: 도메인
A2: 1 | B2: 방문자_수_현황_연월 | C2: VSTR_CNT_PRST_YM | D2: 연월C6
A3: 2 | B3: 방문자_로그아웃_수 | C3: VSTR_LGT_CNT | D3: 수N10
A4: 3 | B4: 방문자_로그인_수 | C4: VSTR_LGN_CNT | D4: 수N10
A5: 4 | B5: 방문자_전문가_수 | C5: VSTR_EXPRT_CNT | D5: 수N10
A6: 5 | B6: 방문자_로그아웃_체류_시간 | C6: VSTR_LGT_STAY_HR | D6: 시분초N10
A7: 6 | B7: 방문자_로그인_체류_시간 | C7: VSTR_LGN_STAY_HR | D7: 시분초N10
A8: 7 | B8: 방문자_전문가_체류_시간 | C8: VSTR_EXPRT_STAY_HR | D8: 시분초N10
A9: 8 | B9: 콘텐츠_번호 | C9: CONTS_NO | D9: 번호N10
A10: 9 | B10: 기술_코드 | C10: TECH_CD | D10: 코드V50
A11: 10 | B11: 등록_일시 | C11: REG_DT | D11: 연월일시분초TS
A12: 11 | B12: 등록_아이디 | C12: REG_ID | D12: 명V20
A13: 12 | B13: 수정_일시 | C13: MDFCN_DT | D13: 연월일시분초TS
... A464: 463 | B464: KCI_논문_아이디 | C464: KCI_THSS_ID | D464: 명V50
